{
"type": "FeatureCollection",
"name": "ner_training_points",
"crs": { "type": "name", "properties": { "name": "urn:ogc:def:crs:OGC:1.3:CRS84" } },
"features": [
{ "type": "Feature", "properties": { "lat": 28.394017, "lon": 95.923317, "date": null, "source": "New Indulin - field verified (Mihu et al. 2026)", "region": "Dibang Valley (paper)", "label": 1 }, "geometry": { "type": "Point", "coordinates": [ 95.923317, 28.394017 ] } },
{ "type": "Feature", "properties": { "lat": 28.861117, "lon": 95.981983, "date": null, "source": "Battis - field verified (Mihu et al. 2026)", "region": "Dibang Valley (paper)", "label": 1 }, "geometry": { "type": "Point", "coordinates": [ 95.981983, 28.861117 ] } },
{ "type": "Feature", "properties": { "lat": 28.637933, "lon": 95.8561, "date": null, "source": "New Indulin - field verified (Mihu et al. 2026)", "region": "Dibang Valley (paper)", "label": 1 }, "geometry": { "type": "Point", "coordinates": [ 95.8561, 28.637933 ] } },
{ "type": "Feature", "properties": { "lat": 28.413844, "lon": 95.897625, "date": null, "source": "Unnamed site - field verified (Mihu et al. 2026)", "region": "Dibang Valley (paper)", "label": 1 }, "geometry": { "type": "Point", "coordinates": [ 95.897625, 28.413844 ] } },
{ "type": "Feature", "properties": { "lat": 28.638217, "lon": 95.856283, "date": null, "source": "Anini - field verified (Mihu et al. 2026)", "region": "Dibang Valley (paper)", "label": 1 }, "geometry": { "type": "Point", "coordinates": [ 95.856283, 28.638217 ] } },
{ "type": "Feature", "properties": { "lat": 27.478, "lon": 88.527, "date": "07/01/2009 05:40:00 AM", "source": "NASA Global Landslide Catalog", "region": "NER (broad)", "label": 1 }, "geometry": { "type": "Point", "coordinates": [ 88.527, 27.478 ] } },
{ "type": "Feature", "properties": { "lat": 25.3098633, "lon": 94.48214677, "date": "07/29/2010 11:00:00 PM", "source": "NASA Global Landslide Catalog", "region": "NER (broad)", "label": 1 }, "geometry": { "type": "Point", "coordinates": [ 94.48214677, 25.3098633 ] } },
{ "type": "Feature", "properties": { "lat": 27.593, "lon": 88.492, "date": "08/16/2016 07:22:00 PM", "source": "NASA Global Landslide Catalog", "region": "NER (broad)", "label": 1 }, "geometry": { "type": "Point", "coordinates": [ 88.492, 27.593 ] } },
{ "type": "Feature", "properties": { "lat": 27.8385, "lon": 88.556, "date": "09/19/2012 12:00:00 AM", "source": "NASA Global Landslide Catalog", "region": "NER (broad)", "label": 1 }, "geometry": { "type": "Point", "coordinates": [ 88.556, 27.8385 ] } },
{ "type": "Feature", "properties": { "lat": 27.6558, "lon": 88.605, "date": "09/19/2012 12:00:00 AM", "source": "NASA Global Landslide Catalog", "region": "NER (broad)", "label": 1 }, "geometry": { "type": "Point", "coordinates": [ 88.605, 27.6558 ] } },
{ "type": "Feature", "properties": { "lat": 26.092493, "lon": 94.257523, "date": "09/05/2016 06:04:00 PM", "source": "NASA Global Landslide Catalog", "region": "NER (broad)", "label": 1 }, "geometry": { "type": "Point", "coordinates": [ 94.257523, 26.092493 ] } },
{ "type": "Feature", "properties": { "lat": 25.7658, "lon": 93.9413, "date": "07/17/2013 12:00:00 AM", "source": "NASA Global Landslide Catalog", "region": "NER (broad)", "label": 1 }, "geometry": { "type": "Point", "coordinates": [ 93.9413, 25.7658 ] } },
{ "type": "Feature", "properties": { "lat": 25.7131, "lon": 94.0885, "date": "07/17/2013 12:00:00 AM", "source": "NASA Global Landslide Catalog", "region": "NER (broad)", "label": 1 }, "geometry": { "type": "Point", "coordinates": [ 94.0885, 25.7131 ] } },
{ "type": "Feature", "properties": { "lat": 26.1445447, "lon": 94.24416766, "date": "07/01/2017 04:00:00 PM", "source": "NASA Global Landslide Catalog", "region": "NER (broad)", "label": 1 }, "geometry": { "type": "Point", "coordinates": [ 94.24416766, 26.1445447 ] } },
{ "type": "Feature", "properties": { "lat": 26.20450454, "lon": 91.87202793, "date": "07/03/2017 03:17:00 PM", "source": "NASA Global Landslide Catalog", "region": "NER (broad)", "label": 1 }, "geometry": { "type": "Point", "coordinates": [ 91.87202793, 26.20450454 ] } },
{ "type": "Feature", "properties": { "lat": 26.324724, "lon": 94.514651, "date": "09/05/2016 06:04:00 PM", "source": "NASA Global Landslide Catalog", "region": "NER (broad)", "label": 1 }, "geometry": { "type": "Point", "coordinates": [ 94.514651, 26.324724 ] } },
{ "type": "Feature", "properties": { "lat": 25.4976444, "lon": 94.12901274, "date": "07/04/2017 04:00:00 PM", "source": "NASA Global Landslide Catalog", "region": "NER (broad)", "label": 1 }, "geometry": { "type": "Point", "coordinates": [ 94.12901274, 25.4976444 ] } },
{ "type": "Feature", "properties": { "lat": 26.22247247, "lon": 91.92053028, "date": "07/03/2017 04:00:00 PM", "source": "NASA Global Landslide Catalog", "region": "NER (broad)", "label": 1 }, "geometry": { "type": "Point", "coordinates": [ 91.92053028, 26.22247247 ] } },
{ "type": "Feature", "properties": { "lat": 26.1061808, "lon": 91.85158907, "date": "07/03/2017 02:33:00 PM", "source": "NASA Global Landslide Catalog", "region": "NER (broad)", "label": 1 }, "geometry": { "type": "Point", "coordinates": [ 91.85158907, 26.1061808 ] } },
{ "type": "Feature", "properties": { "lat": 26.10430759, "lon": 91.86227824, "date": "07/03/2017 02:33:00 PM", "source": "NASA Global Landslide Catalog", "region": "NER (broad)", "label": 1 }, "geometry": { "type": "Point", "coordinates": [ 91.86227824, 26.10430759 ] } },
{ "type": "Feature", "properties": { "lat": 27.98531715, "lon": 94.21263589, "date": "07/04/2017 07:39:00 PM", "source": "NASA Global Landslide Catalog", "region": "NER (broad)", "label": 1 }, "geometry": { "type": "Point", "coordinates": [ 94.21263589, 27.98531715 ] } },
{ "type": "Feature", "properties": { "lat": 26.11613908, "lon": 94.24222574, "date": "07/01/2017 04:00:00 PM", "source": "NASA Global Landslide Catalog", "region": "NER (broad)", "label": 1 }, "geometry": { "type": "Point", "coordinates": [ 94.24222574, 26.11613908 ] } },
{ "type": "Feature", "properties": { "lat": 27.97875751, "lon": 94.26296826, "date": "07/04/2017 07:39:00 PM", "source": "NASA Global Landslide Catalog", "region": "NER (broad)", "label": 1 }, "geometry": { "type": "Point", "coordinates": [ 94.26296826, 27.97875751 ] } },
{ "type": "Feature", "properties": { "lat": 23.69461107, "lon": 92.87641207, "date": "06/28/2017 04:00:00 PM", "source": "NASA Global Landslide Catalog", "region": "NER (broad)", "label": 1 }, "geometry": { "type": "Point", "coordinates": [ 92.87641207, 23.69461107 ] } },
{ "type": "Feature", "properties": { "lat": 26.3312531, "lon": 94.55427723, "date": "07/01/2017 04:00:00 PM", "source": "NASA Global Landslide Catalog", "region": "NER (broad)", "label": 1 }, "geometry": { "type": "Point", "coordinates": [ 94.55427723, 26.3312531 ] } },
{ "type": "Feature", "properties": { "lat": 27.06992579, "lon": 93.6146564, "date": "06/19/2017 01:15:00 PM", "source": "NASA Global Landslide Catalog", "region": "NER (broad)", "label": 1 }, "geometry": { "type": "Point", "coordinates": [ 93.6146564, 27.06992579 ] } },
{ "type": "Feature", "properties": { "lat": 24.21988831, "lon": 93.20266204000001, "date": "06/26/2017 01:20:00 PM", "source": "NASA Global Landslide Catalog", "region": "NER (broad)", "label": 1 }, "geometry": { "type": "Point", "coordinates": [ 93.20266204, 24.21988831 ] } },
{ "type": "Feature", "properties": { "lat": 25.15246863, "lon": 92.94670614, "date": "06/04/2017 01:34:00 PM", "source": "NASA Global Landslide Catalog", "region": "NER (broad)", "label": 1 }, "geometry": { "type": "Point", "coordinates": [ 92.94670614, 25.15246863 ] } },
{ "type": "Feature", "properties": { "lat": 24.30415689, "lon": 93.18182448, "date": "06/27/2017 01:20:00 PM", "source": "NASA Global Landslide Catalog", "region": "NER (broad)", "label": 1 }, "geometry": { "type": "Point", "coordinates": [ 93.18182448, 24.30415689 ] } },
{ "type": "Feature", "properties": { "lat": 26.88161, "lon": 95.399897, "date": "08/16/2016 12:40:00 PM", "source": "NASA Global Landslide Catalog", "region": "NER (broad)", "label": 1 }, "geometry": { "type": "Point", "coordinates": [ 95.399897, 26.88161 ] } },
{ "type": "Feature", "properties": { "lat": 23.86469956, "lon": 91.8949662, "date": "06/03/2017 01:20:00 PM", "source": "NASA Global Landslide Catalog", "region": "NER (broad)", "label": 1 }, "geometry": { "type": "Point", "coordinates": [ 91.8949662, 23.86469956 ] } },
{ "type": "Feature", "properties": { "lat": 27.05909317, "lon": 93.54235868000001, "date": "06/04/2017 01:34:00 PM", "source": "NASA Global Landslide Catalog", "region": "NER (broad)", "label": 1 }, "geometry": { "type": "Point", "coordinates": [ 93.54235868, 27.05909317 ] } },
{ "type": "Feature", "properties": { "lat": 27.05880384, "lon": 93.54136779, "date": "06/21/2017 06:51:00 PM", "source": "NASA Global Landslide Catalog", "region": "NER (broad)", "label": 1 }, "geometry": { "type": "Point", "coordinates": [ 93.54136779, 27.05880384 ] } },
{ "type": "Feature", "properties": { "lat": 25.907233, "lon": 91.881892, "date": "05/26/2017 04:59:00 PM", "source": "NASA Global Landslide Catalog", "region": "NER (broad)", "label": 1 }, "geometry": { "type": "Point", "coordinates": [ 91.881892, 25.907233 ] } },
{ "type": "Feature", "properties": { "lat": 25.67061161, "lon": 94.11844319, "date": "06/02/2017 01:34:00 PM", "source": "NASA Global Landslide Catalog", "region": "NER (broad)", "label": 1 }, "geometry": { "type": "Point", "coordinates": [ 94.11844319, 25.67061161 ] } },
{ "type": "Feature", "properties": { "lat": 24.32420539, "lon": 93.15020652, "date": "06/26/2017 01:20:00 PM", "source": "NASA Global Landslide Catalog", "region": "NER (broad)", "label": 1 }, "geometry": { "type": "Point", "coordinates": [ 93.15020652, 24.32420539 ] } },
{ "type": "Feature", "properties": { "lat": 23.73354779, "lon": 92.74744512, "date": "06/10/2017 01:27:00 PM", "source": "NASA Global Landslide Catalog", "region": "NER (broad)", "label": 1 }, "geometry": { "type": "Point", "coordinates": [ 92.74744512, 23.73354779 ] } },
{ "type": "Feature", "properties": { "lat": 25.11956675, "lon": 94.36416626, "date": "06/12/2017 01:27:00 PM", "source": "NASA Global Landslide Catalog", "region": "NER (broad)", "label": 1 }, "geometry": { "type": "Point", "coordinates": [ 94.36416626, 25.11956675 ] } },
{ "type": "Feature", "properties": { "lat": 24.19467451, "lon": 91.82931979, "date": "06/03/2017 01:34:00 PM", "source": "NASA Global Landslide Catalog", "region": "NER (broad)", "label": 1 }, "geometry": { "type": "Point", "coordinates": [ 91.82931979, 24.19467451 ] } },
{ "type": "Feature", "properties": { "lat": 27.01145644, "lon": 92.64204045, "date": "07/01/2017 03:17:00 PM", "source": "NASA Global Landslide Catalog", "region": "NER (broad)", "label": 1 }, "geometry": { "type": "Point", "coordinates": [ 92.64204045, 27.01145644 ] } },
{ "type": "Feature", "properties": { "lat": 27.54295099, "lon": 88.59676956, "date": "05/26/2017 01:34:00 PM", "source": "NASA Global Landslide Catalog", "region": "NER (broad)", "label": 1 }, "geometry": { "type": "Point", "coordinates": [ 88.59676956, 27.54295099 ] } },
{ "type": "Feature", "properties": { "lat": 25.660517, "lon": 94.104931, "date": "08/25/2016 06:59:00 PM", "source": "NASA Global Landslide Catalog", "region": "NER (broad)", "label": 1 }, "geometry": { "type": "Point", "coordinates": [ 94.104931, 25.660517 ] } },
{ "type": "Feature", "properties": { "lat": 25.06657276, "lon": 93.9310888, "date": "06/30/2017 03:17:00 PM", "source": "NASA Global Landslide Catalog", "region": "NER (broad)", "label": 1 }, "geometry": { "type": "Point", "coordinates": [ 93.9310888, 25.06657276 ] } },
{ "type": "Feature", "properties": { "lat": 24.768609, "lon": 92.821182, "date": "09/01/2016 02:32:00 PM", "source": "NASA Global Landslide Catalog", "region": "NER (broad)", "label": 1 }, "geometry": { "type": "Point", "coordinates": [ 92.821182, 24.768609 ] } },
{ "type": "Feature", "properties": { "lat": 27.10647226, "lon": 93.65975252, "date": "07/01/2017 03:17:00 PM", "source": "NASA Global Landslide Catalog", "region": "NER (broad)", "label": 1 }, "geometry": { "type": "Point", "coordinates": [ 93.65975252, 27.10647226 ] } },
{ "type": "Feature", "properties": { "lat": 27.08168565, "lon": 93.60815652, "date": "07/01/2017 03:17:00 PM", "source": "NASA Global Landslide Catalog", "region": "NER (broad)", "label": 1 }, "geometry": { "type": "Point", "coordinates": [ 93.60815652, 27.08168565 ] } },
{ "type": "Feature", "properties": { "lat": 27.769793, "lon": 93.50995626, "date": "05/24/2017 08:14:00 PM", "source": "NASA Global Landslide Catalog", "region": "NER (broad)", "label": 1 }, "geometry": { "type": "Point", "coordinates": [ 93.50995626, 27.769793 ] } },
{ "type": "Feature", "properties": { "lat": 23.73941422, "lon": 92.71505961, "date": "06/01/2017 01:34:00 PM", "source": "NASA Global Landslide Catalog", "region": "NER (broad)", "label": 1 }, "geometry": { "type": "Point", "coordinates": [ 92.71505961, 23.73941422 ] } },
{ "type": "Feature", "properties": { "lat": 27.04768643, "lon": 93.61899644, "date": "06/30/2017 03:17:00 PM", "source": "NASA Global Landslide Catalog", "region": "NER (broad)", "label": 1 }, "geometry": { "type": "Point", "coordinates": [ 93.61899644, 27.04768643 ] } },
{ "type": "Feature", "properties": { "lat": 24.95178179, "lon": 94.20340026, "date": "07/01/2017 02:33:00 PM", "source": "NASA Global Landslide Catalog", "region": "NER (broad)", "label": 1 }, "geometry": { "type": "Point", "coordinates": [ 94.20340026, 24.95178179 ] } },
{ "type": "Feature", "properties": { "lat": 26.10035658, "lon": 91.87351723, "date": "07/03/2017 02:33:00 PM", "source": "NASA Global Landslide Catalog", "region": "NER (broad)", "label": 1 }, "geometry": { "type": "Point", "coordinates": [ 91.87351723, 26.10035658 ] } },
{ "type": "Feature", "properties": { "lat": 26.14547804, "lon": 91.79364785, "date": "07/10/2017 02:21:00 PM", "source": "NASA Global Landslide Catalog", "region": "NER (broad)", "label": 1 }, "geometry": { "type": "Point", "coordinates": [ 91.79364785, 26.14547804 ] } },
{ "type": "Feature", "properties": { "lat": 25.616, "lon": 94.1167, "date": "07/12/2013 11:00:00 PM", "source": "NASA Global Landslide Catalog", "region": "NER (broad)", "label": 1 }, "geometry": { "type": "Point", "coordinates": [ 94.1167, 25.616 ] } },
{ "type": "Feature", "properties": { "lat": 25.4769, "lon": 94.1351, "date": "10/08/2010 12:00:00 AM", "source": "NASA Global Landslide Catalog", "region": "NER (broad)", "label": 1 }, "geometry": { "type": "Point", "coordinates": [ 94.1351, 25.4769 ] } },
{ "type": "Feature", "properties": { "lat": 25.5215, "lon": 93.1645, "date": "08/20/2009 12:00:00 AM", "source": "NASA Global Landslide Catalog", "region": "NER (broad)", "label": 1 }, "geometry": { "type": "Point", "coordinates": [ 93.1645, 25.5215 ] } },
{ "type": "Feature", "properties": { "lat": 25.8833, "lon": 91.2, "date": "06/09/2010 02:15:00 PM", "source": "NASA Global Landslide Catalog", "region": "NER (broad)", "label": 1 }, "geometry": { "type": "Point", "coordinates": [ 91.2, 25.8833 ] } },
{ "type": "Feature", "properties": { "lat": 25.3179, "lon": 94.0462, "date": "10/09/2010 12:00:00 AM", "source": "NASA Global Landslide Catalog", "region": "NER (broad)", "label": 1 }, "geometry": { "type": "Point", "coordinates": [ 94.0462, 25.3179 ] } },
{ "type": "Feature", "properties": { "lat": 24.75, "lon": 93.4333, "date": "10/21/2007 12:00:00 AM", "source": "NASA Global Landslide Catalog", "region": "NER (broad)", "label": 1 }, "geometry": { "type": "Point", "coordinates": [ 93.4333, 24.75 ] } },
{ "type": "Feature", "properties": { "lat": 24.1419, "lon": 94.1078, "date": "08/01/2015 12:00:00 AM", "source": "NASA Global Landslide Catalog", "region": "NER (broad)", "label": 1 }, "geometry": { "type": "Point", "coordinates": [ 94.1078, 24.1419 ] } },
{ "type": "Feature", "properties": { "lat": 25.0985, "lon": 94.3619, "date": "09/24/2013 12:00:00 AM", "source": "NASA Global Landslide Catalog", "region": "NER (broad)", "label": 1 }, "geometry": { "type": "Point", "coordinates": [ 94.3619, 25.0985 ] } },
{ "type": "Feature", "properties": { "lat": 27.6163, "lon": 88.6586, "date": "05/24/2015 12:00:00 AM", "source": "NASA Global Landslide Catalog", "region": "NER (broad)", "label": 1 }, "geometry": { "type": "Point", "coordinates": [ 88.6586, 27.6163 ] } },
{ "type": "Feature", "properties": { "lat": 25.5728, "lon": 91.885, "date": "06/28/2010 12:00:00 AM", "source": "NASA Global Landslide Catalog", "region": "NER (broad)", "label": 1 }, "geometry": { "type": "Point", "coordinates": [ 91.885, 25.5728 ] } },
{ "type": "Feature", "properties": { "lat": 26.7223, "lon": 95.0243, "date": "04/19/2016 12:00:00 AM", "source": "NASA Global Landslide Catalog", "region": "NER (broad)", "label": 1 }, "geometry": { "type": "Point", "coordinates": [ 95.0243, 26.7223 ] } },
{ "type": "Feature", "properties": { "lat": 24.7625, "lon": 93.4341, "date": "08/17/2013 11:00:00 PM", "source": "NASA Global Landslide Catalog", "region": "NER (broad)", "label": 1 }, "geometry": { "type": "Point", "coordinates": [ 93.4341, 24.7625 ] } },
{ "type": "Feature", "properties": { "lat": 27.0987, "lon": 93.816, "date": "06/09/2015 12:00:00 AM", "source": "NASA Global Landslide Catalog", "region": "NER (broad)", "label": 1 }, "geometry": { "type": "Point", "coordinates": [ 93.816, 27.0987 ] } },
{ "type": "Feature", "properties": { "lat": 27.4459, "lon": 88.6193, "date": "04/11/2007 12:00:00 AM", "source": "NASA Global Landslide Catalog", "region": "NER (broad)", "label": 1 }, "geometry": { "type": "Point", "coordinates": [ 88.6193, 27.4459 ] } },
{ "type": "Feature", "properties": { "lat": 25.1553, "lon": 93.028, "date": "04/01/2010 12:00:00 AM", "source": "NASA Global Landslide Catalog", "region": "NER (broad)", "label": 1 }, "geometry": { "type": "Point", "coordinates": [ 93.028, 25.1553 ] } },
{ "type": "Feature", "properties": { "lat": 25.1175, "lon": 92.8573, "date": "06/03/2012 12:00:00 AM", "source": "NASA Global Landslide Catalog", "region": "NER (broad)", "label": 1 }, "geometry": { "type": "Point", "coordinates": [ 92.8573, 25.1175 ] } },
{ "type": "Feature", "properties": { "lat": 27.1761, "lon": 88.5287, "date": "08/20/2009 12:00:00 AM", "source": "NASA Global Landslide Catalog", "region": "NER (broad)", "label": 1 }, "geometry": { "type": "Point", "coordinates": [ 88.5287, 27.1761 ] } },
{ "type": "Feature", "properties": { "lat": 23.591, "lon": 92.9296, "date": "09/13/2010 12:00:00 AM", "source": "NASA Global Landslide Catalog", "region": "NER (broad)", "label": 1 }, "geometry": { "type": "Point", "coordinates": [ 92.9296, 23.591 ] } },
{ "type": "Feature", "properties": { "lat": 27.3383, "lon": 88.6069, "date": "05/23/2007 12:00:00 AM", "source": "NASA Global Landslide Catalog", "region": "NER (broad)", "label": 1 }, "geometry": { "type": "Point", "coordinates": [ 88.6069, 27.3383 ] } },
{ "type": "Feature", "properties": { "lat": 24.9829, "lon": 93.5063, "date": "09/01/2013 12:00:00 AM", "source": "NASA Global Landslide Catalog", "region": "NER (broad)", "label": 1 }, "geometry": { "type": "Point", "coordinates": [ 93.5063, 24.9829 ] } },
{ "type": "Feature", "properties": { "lat": 25.5125, "lon": 93.3613, "date": "06/29/2011 12:00:00 AM", "source": "NASA Global Landslide Catalog", "region": "NER (broad)", "label": 1 }, "geometry": { "type": "Point", "coordinates": [ 93.3613, 25.5125 ] } },
{ "type": "Feature", "properties": { "lat": 27.5161, "lon": 88.5575, "date": "09/30/2011 12:00:00 AM", "source": "NASA Global Landslide Catalog", "region": "NER (broad)", "label": 1 }, "geometry": { "type": "Point", "coordinates": [ 88.5575, 27.5161 ] } },
{ "type": "Feature", "properties": { "lat": 25.31006064, "lon": 94.48265093000001, "date": "08/15/2010 11:00:00 PM", "source": "NASA Global Landslide Catalog", "region": "NER (broad)", "label": 1 }, "geometry": { "type": "Point", "coordinates": [ 94.48265093, 25.31006064 ] } },
{ "type": "Feature", "properties": { "lat": 24.9925, "lon": 93.5, "date": "08/20/2009 12:00:00 AM", "source": "NASA Global Landslide Catalog", "region": "NER (broad)", "label": 1 }, "geometry": { "type": "Point", "coordinates": [ 93.5, 24.9925 ] } },
{ "type": "Feature", "properties": { "lat": 28.9205, "lon": 95.3429, "date": "06/26/2014 11:00:00 PM", "source": "NASA Global Landslide Catalog", "region": "NER (broad)", "label": 1 }, "geometry": { "type": "Point", "coordinates": [ 95.3429, 28.9205 ] } },
{ "type": "Feature", "properties": { "lat": 27.6438, "lon": 93.871, "date": "06/12/2016 11:00:00 PM", "source": "NASA Global Landslide Catalog", "region": "NER (broad)", "label": 1 }, "geometry": { "type": "Point", "coordinates": [ 93.871, 27.6438 ] } },
{ "type": "Feature", "properties": { "lat": 24.8286, "lon": 93.5935, "date": "05/31/2011 02:30:00 PM", "source": "NASA Global Landslide Catalog", "region": "NER (broad)", "label": 1 }, "geometry": { "type": "Point", "coordinates": [ 93.5935, 24.8286 ] } },
{ "type": "Feature", "properties": { "lat": 27.2298, "lon": 94.0989, "date": "06/15/2008 12:00:00 AM", "source": "NASA Global Landslide Catalog", "region": "NER (broad)", "label": 1 }, "geometry": { "type": "Point", "coordinates": [ 94.0989, 27.2298 ] } },
{ "type": "Feature", "properties": { "lat": 25.9703, "lon": 91.8584, "date": "09/06/2015 03:00:00 PM", "source": "NASA Global Landslide Catalog", "region": "NER (broad)", "label": 1 }, "geometry": { "type": "Point", "coordinates": [ 91.8584, 25.9703 ] } },
{ "type": "Feature", "properties": { "lat": 25.5145, "lon": 90.2023, "date": "08/18/2015 09:00:00 AM", "source": "NASA Global Landslide Catalog", "region": "NER (broad)", "label": 1 }, "geometry": { "type": "Point", "coordinates": [ 90.2023, 25.5145 ] } },
{ "type": "Feature", "properties": { "lat": 25.38, "lon": 91.88, "date": "07/26/2007 12:00:00 AM", "source": "NASA Global Landslide Catalog", "region": "NER (broad)", "label": 1 }, "geometry": { "type": "Point", "coordinates": [ 91.88, 25.38 ] } },
{ "type": "Feature", "properties": { "lat": 26.1548, "lon": 91.7351, "date": "09/23/2011 12:00:00 AM", "source": "NASA Global Landslide Catalog", "region": "NER (broad)", "label": 1 }, "geometry": { "type": "Point", "coordinates": [ 91.7351, 26.1548 ] } },
{ "type": "Feature", "properties": { "lat": 22.479, "lon": 92.967, "date": "07/30/2007 12:00:00 AM", "source": "NASA Global Landslide Catalog", "region": "NER (broad)", "label": 1 }, "geometry": { "type": "Point", "coordinates": [ 92.967, 22.479 ] } },
{ "type": "Feature", "properties": { "lat": 27.8965, "lon": 96.1779, "date": "04/21/2010 12:00:00 AM", "source": "NASA Global Landslide Catalog", "region": "NER (broad)", "label": 1 }, "geometry": { "type": "Point", "coordinates": [ 96.1779, 27.8965 ] } },
{ "type": "Feature", "properties": { "lat": 25.6682, "lon": 94.1099, "date": "06/28/2011 12:00:00 AM", "source": "NASA Global Landslide Catalog", "region": "NER (broad)", "label": 1 }, "geometry": { "type": "Point", "coordinates": [ 94.1099, 25.6682 ] } },
{ "type": "Feature", "properties": { "lat": 24.004, "lon": 93.9815, "date": "08/01/2015 12:00:00 AM", "source": "NASA Global Landslide Catalog", "region": "NER (broad)", "label": 1 }, "geometry": { "type": "Point", "coordinates": [ 93.9815, 24.004 ] } },
{ "type": "Feature", "properties": { "lat": 27.2879, "lon": 88.2579, "date": "06/23/2011 11:30:00 PM", "source": "NASA Global Landslide Catalog", "region": "NER (broad)", "label": 1 }, "geometry": { "type": "Point", "coordinates": [ 88.2579, 27.2879 ] } },
{ "type": "Feature", "properties": { "lat": 25.5242, "lon": 92.9914, "date": "10/09/2010 12:00:00 AM", "source": "NASA Global Landslide Catalog", "region": "NER (broad)", "label": 1 }, "geometry": { "type": "Point", "coordinates": [ 92.9914, 25.5242 ] } },
{ "type": "Feature", "properties": { "lat": 24.6869, "lon": 93.9157, "date": "07/25/2011 12:00:00 AM", "source": "NASA Global Landslide Catalog", "region": "NER (broad)", "label": 1 }, "geometry": { "type": "Point", "coordinates": [ 93.9157, 24.6869 ] } },
{ "type": "Feature", "properties": { "lat": 27.9032, "lon": 96.174, "date": "05/08/2014 12:00:00 AM", "source": "NASA Global Landslide Catalog", "region": "NER (broad)", "label": 1 }, "geometry": { "type": "Point", "coordinates": [ 96.174, 27.9032 ] } },
{ "type": "Feature", "properties": { "lat": 25.4191, "lon": 94.1079, "date": "07/07/2011 12:00:00 AM", "source": "NASA Global Landslide Catalog", "region": "NER (broad)", "label": 1 }, "geometry": { "type": "Point", "coordinates": [ 94.1079, 25.4191 ] } },
{ "type": "Feature", "properties": { "lat": 26.8716, "lon": 94.9921, "date": "07/20/2010 12:00:00 AM", "source": "NASA Global Landslide Catalog", "region": "NER (broad)", "label": 1 }, "geometry": { "type": "Point", "coordinates": [ 94.9921, 26.8716 ] } },
{ "type": "Feature", "properties": { "lat": 26.09748244, "lon": 91.8744337, "date": "07/19/2016 09:00:00 AM", "source": "NASA Global Landslide Catalog", "region": "NER (broad)", "label": 1 }, "geometry": { "type": "Point", "coordinates": [ 91.8744337, 26.09748244 ] } },
{ "type": "Feature", "properties": { "lat": 27.4, "lon": 92.35, "date": "10/29/2008 12:00:00 AM", "source": "NASA Global Landslide Catalog", "region": "NER (broad)", "label": 1 }, "geometry": { "type": "Point", "coordinates": [ 92.35, 27.4 ] } },
{ "type": "Feature", "properties": { "lat": 27.3702, "lon": 88.7334, "date": "09/04/2010 12:00:00 AM", "source": "NASA Global Landslide Catalog", "region": "NER (broad)", "label": 1 }, "geometry": { "type": "Point", "coordinates": [ 88.7334, 27.3702 ] } },
{ "type": "Feature", "properties": { "lat": 24.3527, "lon": 94.3429, "date": "07/22/2011 12:00:00 AM", "source": "NASA Global Landslide Catalog", "region": "NER (broad)", "label": 1 }, "geometry": { "type": "Point", "coordinates": [ 94.3429, 24.3527 ] } },
{ "type": "Feature", "properties": { "lat": 26.0977, "lon": 94.7499, "date": "06/07/2013 12:00:00 AM", "source": "NASA Global Landslide Catalog", "region": "NER (broad)", "label": 1 }, "geometry": { "type": "Point", "coordinates": [ 94.7499, 26.0977 ] } },
{ "type": "Feature", "properties": { "lat": 28.0791, "lon": 96.5242, "date": "03/22/2011 12:00:00 AM", "source": "NASA Global Landslide Catalog", "region": "NER (broad)", "label": 1 }, "geometry": { "type": "Point", "coordinates": [ 96.5242, 28.0791 ] } },
{ "type": "Feature", "properties": { "lat": 27.3341, "lon": 88.6083, "date": "04/17/2010 03:00:00 PM", "source": "NASA Global Landslide Catalog", "region": "NER (broad)", "label": 1 }, "geometry": { "type": "Point", "coordinates": [ 88.6083, 27.3341 ] } },
{ "type": "Feature", "properties": { "lat": 26.0319, "lon": 94.5466, "date": "06/24/2015 12:00:00 AM", "source": "NASA Global Landslide Catalog", "region": "NER (broad)", "label": 1 }, "geometry": { "type": "Point", "coordinates": [ 94.5466, 26.0319 ] } },
{ "type": "Feature", "properties": { "lat": 27.1249, "lon": 93.7706, "date": "10/01/2014 11:00:00 AM", "source": "NASA Global Landslide Catalog", "region": "NER (broad)", "label": 1 }, "geometry": { "type": "Point", "coordinates": [ 93.7706, 27.1249 ] } },
{ "type": "Feature", "properties": { "lat": 26.1677, "lon": 94.2442, "date": "06/12/2016 12:00:00 AM", "source": "NASA Global Landslide Catalog", "region": "NER (broad)", "label": 1 }, "geometry": { "type": "Point", "coordinates": [ 94.2442, 26.1677 ] } },
{ "type": "Feature", "properties": { "lat": 27.174, "lon": 95.8011, "date": "06/25/2012 12:00:00 AM", "source": "NASA Global Landslide Catalog", "region": "NER (broad)", "label": 1 }, "geometry": { "type": "Point", "coordinates": [ 95.8011, 27.174 ] } },
{ "type": "Feature", "properties": { "lat": 28.4659, "lon": 95.86, "date": "04/08/2012 12:00:00 AM", "source": "NASA Global Landslide Catalog", "region": "NER (broad)", "label": 1 }, "geometry": { "type": "Point", "coordinates": [ 95.86, 28.4659 ] } },
{ "type": "Feature", "properties": { "lat": 24.7505, "lon": 93.4221, "date": "08/27/2010 04:30:00 PM", "source": "NASA Global Landslide Catalog", "region": "NER (broad)", "label": 1 }, "geometry": { "type": "Point", "coordinates": [ 93.4221, 24.7505 ] } },
{ "type": "Feature", "properties": { "lat": 25.4477, "lon": 94.0489, "date": "07/22/2015 12:00:00 AM", "source": "NASA Global Landslide Catalog", "region": "NER (broad)", "label": 1 }, "geometry": { "type": "Point", "coordinates": [ 94.0489, 25.4477 ] } },
{ "type": "Feature", "properties": { "lat": 26.284, "lon": 94.5808, "date": "08/04/2013 12:00:00 AM", "source": "NASA Global Landslide Catalog", "region": "NER (broad)", "label": 1 }, "geometry": { "type": "Point", "coordinates": [ 94.5808, 26.284 ] } },
{ "type": "Feature", "properties": { "lat": 25.0672, "lon": 93.4093, "date": "05/22/2011 12:00:00 AM", "source": "NASA Global Landslide Catalog", "region": "NER (broad)", "label": 1 }, "geometry": { "type": "Point", "coordinates": [ 93.4093, 25.0672 ] } },
{ "type": "Feature", "properties": { "lat": 24.1988, "lon": 94.1016, "date": "08/01/2015 12:00:00 AM", "source": "NASA Global Landslide Catalog", "region": "NER (broad)", "label": 1 }, "geometry": { "type": "Point", "coordinates": [ 94.1016, 24.1988 ] } },
{ "type": "Feature", "properties": { "lat": 26.149, "lon": 91.7351, "date": "06/20/2012 12:00:00 AM", "source": "NASA Global Landslide Catalog", "region": "NER (broad)", "label": 1 }, "geometry": { "type": "Point", "coordinates": [ 91.7351, 26.149 ] } },
{ "type": "Feature", "properties": { "lat": 27.8776, "lon": 94.25, "date": "06/01/2013 12:00:00 AM", "source": "NASA Global Landslide Catalog", "region": "NER (broad)", "label": 1 }, "geometry": { "type": "Point", "coordinates": [ 94.25, 27.8776 ] } },
{ "type": "Feature", "properties": { "lat": 26.1475, "lon": 91.7356, "date": "06/02/2012 12:00:00 AM", "source": "NASA Global Landslide Catalog", "region": "NER (broad)", "label": 1 }, "geometry": { "type": "Point", "coordinates": [ 91.7356, 26.1475 ] } },
{ "type": "Feature", "properties": { "lat": 24.9037, "lon": 93.487, "date": "09/01/2013 12:00:00 AM", "source": "NASA Global Landslide Catalog", "region": "NER (broad)", "label": 1 }, "geometry": { "type": "Point", "coordinates": [ 93.487, 24.9037 ] } },
{ "type": "Feature", "properties": { "lat": 25.4538, "lon": 93.9827, "date": "07/22/2015 12:00:00 AM", "source": "NASA Global Landslide Catalog", "region": "NER (broad)", "label": 1 }, "geometry": { "type": "Point", "coordinates": [ 93.9827, 25.4538 ] } },
{ "type": "Feature", "properties": { "lat": 26.1147, "lon": 94.3864, "date": "07/01/2013 12:00:00 AM", "source": "NASA Global Landslide Catalog", "region": "NER (broad)", "label": 1 }, "geometry": { "type": "Point", "coordinates": [ 94.3864, 26.1147 ] } },
{ "type": "Feature", "properties": { "lat": 27.3425, "lon": 88.6236, "date": "09/10/2007 12:00:00 AM", "source": "NASA Global Landslide Catalog", "region": "NER (broad)", "label": 1 }, "geometry": { "type": "Point", "coordinates": [ 88.6236, 27.3425 ] } },
{ "type": "Feature", "properties": { "lat": 24.5202, "lon": 92.7239, "date": "05/18/2016 08:00:00 AM", "source": "NASA Global Landslide Catalog", "region": "NER (broad)", "label": 1 }, "geometry": { "type": "Point", "coordinates": [ 92.7239, 24.5202 ] } },
{ "type": "Feature", "properties": { "lat": 24.9818, "lon": 93.5142, "date": "07/24/2015 12:00:00 AM", "source": "NASA Global Landslide Catalog", "region": "NER (broad)", "label": 1 }, "geometry": { "type": "Point", "coordinates": [ 93.5142, 24.9818 ] } },
{ "type": "Feature", "properties": { "lat": 26.1985, "lon": 91.7998, "date": "09/22/2014 12:00:00 AM", "source": "NASA Global Landslide Catalog", "region": "NER (broad)", "label": 1 }, "geometry": { "type": "Point", "coordinates": [ 91.7998, 26.1985 ] } },
{ "type": "Feature", "properties": { "lat": 25.6269, "lon": 94.1139, "date": "07/12/2013 12:00:00 AM", "source": "NASA Global Landslide Catalog", "region": "NER (broad)", "label": 1 }, "geometry": { "type": "Point", "coordinates": [ 94.1139, 25.6269 ] } },
{ "type": "Feature", "properties": { "lat": 26.8727, "lon": 94.9275, "date": "08/16/2013 12:00:00 AM", "source": "NASA Global Landslide Catalog", "region": "NER (broad)", "label": 1 }, "geometry": { "type": "Point", "coordinates": [ 94.9275, 26.8727 ] } },
{ "type": "Feature", "properties": { "lat": 27.0011, "lon": 93.7273, "date": "09/10/2010 12:00:00 AM", "source": "NASA Global Landslide Catalog", "region": "NER (broad)", "label": 1 }, "geometry": { "type": "Point", "coordinates": [ 93.7273, 27.0011 ] } },
{ "type": "Feature", "properties": { "lat": 23.7327, "lon": 92.7463, "date": "07/14/2014 06:00:00 PM", "source": "NASA Global Landslide Catalog", "region": "NER (broad)", "label": 1 }, "geometry": { "type": "Point", "coordinates": [ 92.7463, 23.7327 ] } },
{ "type": "Feature", "properties": { "lat": 27.3721, "lon": 88.708, "date": "06/08/2013 05:00:00 PM", "source": "NASA Global Landslide Catalog", "region": "NER (broad)", "label": 1 }, "geometry": { "type": "Point", "coordinates": [ 88.708, 27.3721 ] } },
{ "type": "Feature", "properties": { "lat": 25.203, "lon": 90.5573, "date": "07/19/2016 12:00:00 AM", "source": "NASA Global Landslide Catalog", "region": "NER (broad)", "label": 1 }, "geometry": { "type": "Point", "coordinates": [ 90.5573, 25.203 ] } },
{ "type": "Feature", "properties": { "lat": 26.1984, "lon": 94.8158, "date": "08/19/2010 06:30:00 AM", "source": "NASA Global Landslide Catalog", "region": "NER (broad)", "label": 1 }, "geometry": { "type": "Point", "coordinates": [ 94.8158, 26.1984 ] } },
{ "type": "Feature", "properties": { "lat": 24.4638, "lon": 92.4943, "date": "05/18/2016 08:00:00 AM", "source": "NASA Global Landslide Catalog", "region": "NER (broad)", "label": 1 }, "geometry": { "type": "Point", "coordinates": [ 92.4943, 24.4638 ] } },
{ "type": "Feature", "properties": { "lat": 23.75406693, "lon": 92.74128531, "date": "09/13/2010 09:00:00 AM", "source": "NASA Global Landslide Catalog", "region": "NER (broad)", "label": 1 }, "geometry": { "type": "Point", "coordinates": [ 92.74128531, 23.75406693 ] } },
{ "type": "Feature", "properties": { "lat": 26.0814, "lon": 94.803, "date": "08/14/2010 12:00:00 AM", "source": "NASA Global Landslide Catalog", "region": "NER (broad)", "label": 1 }, "geometry": { "type": "Point", "coordinates": [ 94.803, 26.0814 ] } },
{ "type": "Feature", "properties": { "lat": 25.7902, "lon": 94.1318, "date": "07/10/2016 12:00:00 AM", "source": "NASA Global Landslide Catalog", "region": "NER (broad)", "label": 1 }, "geometry": { "type": "Point", "coordinates": [ 94.1318, 25.7902 ] } },
{ "type": "Feature", "properties": { "lat": 24.8961, "lon": 93.4957, "date": "08/19/2010 12:00:00 AM", "source": "NASA Global Landslide Catalog", "region": "NER (broad)", "label": 1 }, "geometry": { "type": "Point", "coordinates": [ 93.4957, 24.8961 ] } },
{ "type": "Feature", "properties": { "lat": 24.8669, "lon": 92.3576, "date": "05/09/2014 11:00:00 PM", "source": "NASA Global Landslide Catalog", "region": "NER (broad)", "label": 1 }, "geometry": { "type": "Point", "coordinates": [ 92.3576, 24.8669 ] } },
{ "type": "Feature", "properties": { "lat": 23.3572, "lon": 92.7878, "date": "08/26/2015 12:00:00 AM", "source": "NASA Global Landslide Catalog", "region": "NER (broad)", "label": 1 }, "geometry": { "type": "Point", "coordinates": [ 92.7878, 23.3572 ] } },
{ "type": "Feature", "properties": { "lat": 25.61560252, "lon": 94.11603493, "date": "08/19/2010 06:00:00 PM", "source": "NASA Global Landslide Catalog", "region": "NER (broad)", "label": 1 }, "geometry": { "type": "Point", "coordinates": [ 94.11603493, 25.61560252 ] } },
{ "type": "Feature", "properties": { "lat": 26.4333, "lon": 94.8833, "date": "06/17/2010 07:30:00 PM", "source": "NASA Global Landslide Catalog", "region": "NER (broad)", "label": 1 }, "geometry": { "type": "Point", "coordinates": [ 94.8833, 26.4333 ] } },
{ "type": "Feature", "properties": { "lat": 27.2084, "lon": 88.4909, "date": "09/11/2007 12:00:00 AM", "source": "NASA Global Landslide Catalog", "region": "NER (broad)", "label": 1 }, "geometry": { "type": "Point", "coordinates": [ 88.4909, 27.2084 ] } },
{ "type": "Feature", "properties": { "lat": 26.1314, "lon": 91.7548, "date": "09/22/2014 12:00:00 AM", "source": "NASA Global Landslide Catalog", "region": "NER (broad)", "label": 1 }, "geometry": { "type": "Point", "coordinates": [ 91.7548, 26.1314 ] } },
{ "type": "Feature", "properties": { "lat": 26.1699, "lon": 94.4922, "date": "07/11/2016 11:00:00 PM", "source": "NASA Global Landslide Catalog", "region": "NER (broad)", "label": 1 }, "geometry": { "type": "Point", "coordinates": [ 94.4922, 26.1699 ] } },
{ "type": "Feature", "properties": { "lat": 27.2333, "lon": 94.1167, "date": "10/29/2008 12:00:00 AM", "source": "NASA Global Landslide Catalog", "region": "NER (broad)", "label": 1 }, "geometry": { "type": "Point", "coordinates": [ 94.1167, 27.2333 ] } },
{ "type": "Feature", "properties": { "lat": 24.1293, "lon": 92.6921, "date": "09/29/2007 12:00:00 AM", "source": "NASA Global Landslide Catalog", "region": "NER (broad)", "label": 1 }, "geometry": { "type": "Point", "coordinates": [ 92.6921, 24.1293 ] } },
{ "type": "Feature", "properties": { "lat": 25.03561729, "lon": 94.0144205, "date": "06/28/2011 12:00:00 AM", "source": "NASA Global Landslide Catalog", "region": "NER (broad)", "label": 1 }, "geometry": { "type": "Point", "coordinates": [ 94.0144205, 25.03561729 ] } },
{ "type": "Feature", "properties": { "lat": 25.3833, "lon": 94.1884, "date": "08/15/2013 12:00:00 AM", "source": "NASA Global Landslide Catalog", "region": "NER (broad)", "label": 1 }, "geometry": { "type": "Point", "coordinates": [ 94.1884, 25.3833 ] } },
{ "type": "Feature", "properties": { "lat": 26.1666, "lon": 91.7042, "date": "09/23/2015 12:00:00 AM", "source": "NASA Global Landslide Catalog", "region": "NER (broad)", "label": 1 }, "geometry": { "type": "Point", "coordinates": [ 91.7042, 26.1666 ] } },
{ "type": "Feature", "properties": { "lat": 26.0977, "lon": 94.7031, "date": "06/07/2013 12:00:00 AM", "source": "NASA Global Landslide Catalog", "region": "NER (broad)", "label": 1 }, "geometry": { "type": "Point", "coordinates": [ 94.7031, 26.0977 ] } },
{ "type": "Feature", "properties": { "lat": 25.48, "lon": 94.1383, "date": "07/25/2016 12:30:00 PM", "source": "NASA Global Landslide Catalog", "region": "NER (broad)", "label": 1 }, "geometry": { "type": "Point", "coordinates": [ 94.1383, 25.48 ] } },
{ "type": "Feature", "properties": { "lat": 24.7979, "lon": 92.9974, "date": "07/22/2015 12:00:00 AM", "source": "NASA Global Landslide Catalog", "region": "NER (broad)", "label": 1 }, "geometry": { "type": "Point", "coordinates": [ 92.9974, 24.7979 ] } },
{ "type": "Feature", "properties": { "lat": 24.9336, "lon": 93.8275, "date": "06/19/2008 12:00:00 AM", "source": "NASA Global Landslide Catalog", "region": "NER (broad)", "label": 1 }, "geometry": { "type": "Point", "coordinates": [ 93.8275, 24.9336 ] } },
{ "type": "Feature", "properties": { "lat": 26.4205, "lon": 94.9731, "date": "08/16/2013 12:00:00 AM", "source": "NASA Global Landslide Catalog", "region": "NER (broad)", "label": 1 }, "geometry": { "type": "Point", "coordinates": [ 94.9731, 26.4205 ] } },
{ "type": "Feature", "properties": { "lat": 27.1034, "lon": 93.6885, "date": "08/05/2011 12:00:00 AM", "source": "NASA Global Landslide Catalog", "region": "NER (broad)", "label": 1 }, "geometry": { "type": "Point", "coordinates": [ 93.6885, 27.1034 ] } },
{ "type": "Feature", "properties": { "lat": 27.4888, "lon": 93.0153, "date": "08/15/2011 12:00:00 AM", "source": "NASA Global Landslide Catalog", "region": "NER (broad)", "label": 1 }, "geometry": { "type": "Point", "coordinates": [ 93.0153, 27.4888 ] } },
{ "type": "Feature", "properties": { "lat": 23.899, "lon": 94.1434, "date": "08/01/2015 12:00:00 AM", "source": "NASA Global Landslide Catalog", "region": "NER (broad)", "label": 1 }, "geometry": { "type": "Point", "coordinates": [ 94.1434, 23.899 ] } },
{ "type": "Feature", "properties": { "lat": 25.0118, "lon": 94.3136, "date": "07/07/2016 12:00:00 AM", "source": "NASA Global Landslide Catalog", "region": "NER (broad)", "label": 1 }, "geometry": { "type": "Point", "coordinates": [ 94.3136, 25.0118 ] } },
{ "type": "Feature", "properties": { "lat": 28.1193, "lon": 95.1645, "date": "02/18/2013 12:00:00 AM", "source": "NASA Global Landslide Catalog", "region": "NER (broad)", "label": 1 }, "geometry": { "type": "Point", "coordinates": [ 95.1645, 28.1193 ] } },
{ "type": "Feature", "properties": { "lat": 25.1019, "lon": 93.3729, "date": "08/11/2015 12:00:00 AM", "source": "NASA Global Landslide Catalog", "region": "NER (broad)", "label": 1 }, "geometry": { "type": "Point", "coordinates": [ 93.3729, 25.1019 ] } },
{ "type": "Feature", "properties": { "lat": 27.1141, "lon": 88.4658, "date": "07/20/2011 12:00:00 AM", "source": "NASA Global Landslide Catalog", "region": "NER (broad)", "label": 1 }, "geometry": { "type": "Point", "coordinates": [ 88.4658, 27.1141 ] } },
{ "type": "Feature", "properties": { "lat": 27.3773, "lon": 88.559, "date": "07/21/2010 08:00:00 AM", "source": "NASA Global Landslide Catalog", "region": "NER (broad)", "label": 1 }, "geometry": { "type": "Point", "coordinates": [ 88.559, 27.3773 ] } },
{ "type": "Feature", "properties": { "lat": 26.2363, "lon": 94.8133, "date": "07/06/2010 12:00:00 AM", "source": "NASA Global Landslide Catalog", "region": "NER (broad)", "label": 1 }, "geometry": { "type": "Point", "coordinates": [ 94.8133, 26.2363 ] } },
{ "type": "Feature", "properties": { "lat": 25.6278, "lon": 94.1051, "date": "08/19/2015 03:00:00 PM", "source": "NASA Global Landslide Catalog", "region": "NER (broad)", "label": 1 }, "geometry": { "type": "Point", "coordinates": [ 94.1051, 25.6278 ] } },
{ "type": "Feature", "properties": { "lat": 25.7428, "lon": 93.9136, "date": "08/28/2007 12:00:00 AM", "source": "NASA Global Landslide Catalog", "region": "NER (broad)", "label": 1 }, "geometry": { "type": "Point", "coordinates": [ 93.9136, 25.7428 ] } },
{ "type": "Feature", "properties": { "lat": 23.74182634, "lon": 92.7141905, "date": "09/13/2010 12:00:00 AM", "source": "NASA Global Landslide Catalog", "region": "NER (broad)", "label": 1 }, "geometry": { "type": "Point", "coordinates": [ 92.7141905, 23.74182634 ] } },
{ "type": "Feature", "properties": { "lat": 23.0137, "lon": 91.7174, "date": "08/14/2014 11:00:00 PM", "source": "NASA Global Landslide Catalog", "region": "NER (broad)", "label": 1 }, "geometry": { "type": "Point", "coordinates": [ 91.7174, 23.0137 ] } },
{ "type": "Feature", "properties": { "lat": 27.3765, "lon": 88.7628, "date": "06/27/2013 11:00:00 PM", "source": "NASA Global Landslide Catalog", "region": "NER (broad)", "label": 1 }, "geometry": { "type": "Point", "coordinates": [ 88.7628, 27.3765 ] } },
{ "type": "Feature", "properties": { "lat": 26.222, "lon": 94.9152, "date": "08/14/2010 12:00:00 AM", "source": "NASA Global Landslide Catalog", "region": "NER (broad)", "label": 1 }, "geometry": { "type": "Point", "coordinates": [ 94.9152, 26.222 ] } },
{ "type": "Feature", "properties": { "lat": 26.0137, "lon": 94.5163, "date": "08/04/2013 12:00:00 AM", "source": "NASA Global Landslide Catalog", "region": "NER (broad)", "label": 1 }, "geometry": { "type": "Point", "coordinates": [ 94.5163, 26.0137 ] } },
{ "type": "Feature", "properties": { "lat": 26.1407, "lon": 91.7645, "date": "06/26/2014 11:00:00 PM", "source": "NASA Global Landslide Catalog", "region": "NER (broad)", "label": 1 }, "geometry": { "type": "Point", "coordinates": [ 91.7645, 26.1407 ] } },
{ "type": "Feature", "properties": { "lat": 24.808, "lon": 93.117, "date": "09/06/2011 08:00:00 AM", "source": "NASA Global Landslide Catalog", "region": "NER (broad)", "label": 1 }, "geometry": { "type": "Point", "coordinates": [ 93.117, 24.808 ] } },
{ "type": "Feature", "properties": { "lat": 23.6866, "lon": 93.017, "date": "08/27/2015 12:00:00 AM", "source": "NASA Global Landslide Catalog", "region": "NER (broad)", "label": 1 }, "geometry": { "type": "Point", "coordinates": [ 93.017, 23.6866 ] } },
{ "type": "Feature", "properties": { "lat": 27.1344, "lon": 88.4575, "date": "08/20/2009 12:00:00 AM", "source": "NASA Global Landslide Catalog", "region": "NER (broad)", "label": 1 }, "geometry": { "type": "Point", "coordinates": [ 88.4575, 27.1344 ] } },
{ "type": "Feature", "properties": { "lat": 25.5114, "lon": 90.215, "date": "06/16/2015 06:15:00 AM", "source": "NASA Global Landslide Catalog", "region": "NER (broad)", "label": 1 }, "geometry": { "type": "Point", "coordinates": [ 90.215, 25.5114 ] } },
{ "type": "Feature", "properties": { "lat": 25.8877, "lon": 94.7861, "date": "07/06/2010 12:00:00 AM", "source": "NASA Global Landslide Catalog", "region": "NER (broad)", "label": 1 }, "geometry": { "type": "Point", "coordinates": [ 94.7861, 25.8877 ] } },
{ "type": "Feature", "properties": { "lat": 25.6623, "lon": 94.1072, "date": "10/10/2010 06:00:00 AM", "source": "NASA Global Landslide Catalog", "region": "NER (broad)", "label": 1 }, "geometry": { "type": "Point", "coordinates": [ 94.1072, 25.6623 ] } },
{ "type": "Feature", "properties": { "lat": 25.9611, "lon": 91.3681, "date": "07/07/2016 12:00:00 AM", "source": "NASA Global Landslide Catalog", "region": "NER (broad)", "label": 1 }, "geometry": { "type": "Point", "coordinates": [ 91.3681, 25.9611 ] } },
{ "type": "Feature", "properties": { "lat": 24.7339, "lon": 93.9161, "date": "03/27/2010 08:00:00 PM", "source": "NASA Global Landslide Catalog", "region": "NER (broad)", "label": 1 }, "geometry": { "type": "Point", "coordinates": [ 93.9161, 24.7339 ] } },
{ "type": "Feature", "properties": { "lat": 26.1978, "lon": 91.7665, "date": "04/20/2010 12:00:00 AM", "source": "NASA Global Landslide Catalog", "region": "NER (broad)", "label": 1 }, "geometry": { "type": "Point", "coordinates": [ 91.7665, 26.1978 ] } },
{ "type": "Feature", "properties": { "lat": 26.19037705, "lon": 91.77306002, "date": "07/10/2017 02:21:00 PM", "source": "NASA Global Landslide Catalog", "region": "NER (broad)", "label": 1 }, "geometry": { "type": "Point", "coordinates": [ 91.77306002, 26.19037705 ] } },
{ "type": "Feature", "properties": { "lat": 25.463, "lon": 92.2121, "date": "06/13/2015 12:00:00 AM", "source": "NASA Global Landslide Catalog", "region": "NER (broad)", "label": 1 }, "geometry": { "type": "Point", "coordinates": [ 92.2121, 25.463 ] } },
{ "type": "Feature", "properties": { "lat": 24.9111, "lon": 94.4759, "date": "08/01/2015 12:00:00 AM", "source": "NASA Global Landslide Catalog", "region": "NER (broad)", "label": 1 }, "geometry": { "type": "Point", "coordinates": [ 94.4759, 24.9111 ] } },
{ "type": "Feature", "properties": { "lat": 27.8458, "lon": 95.2253, "date": "09/19/2012 12:00:00 AM", "source": "NASA Global Landslide Catalog", "region": "NER (broad)", "label": 1 }, "geometry": { "type": "Point", "coordinates": [ 95.2253, 27.8458 ] } },
{ "type": "Feature", "properties": { "lat": 23.8986, "lon": 91.7599, "date": "06/03/2010 12:00:00 AM", "source": "NASA Global Landslide Catalog", "region": "NER (broad)", "label": 1 }, "geometry": { "type": "Point", "coordinates": [ 91.7599, 23.8986 ] } },
{ "type": "Feature", "properties": { "lat": 25.5265, "lon": 93.8673, "date": "10/09/2010 12:00:00 AM", "source": "NASA Global Landslide Catalog", "region": "NER (broad)", "label": 1 }, "geometry": { "type": "Point", "coordinates": [ 93.8673, 25.5265 ] } },
{ "type": "Feature", "properties": { "lat": 26.1062, "lon": 91.8717, "date": "07/25/2015 09:00:00 AM", "source": "NASA Global Landslide Catalog", "region": "NER (broad)", "label": 1 }, "geometry": { "type": "Point", "coordinates": [ 91.8717, 26.1062 ] } },
{ "type": "Feature", "properties": { "lat": 24.819, "lon": 94.3551, "date": "07/31/2015 09:00:00 AM", "source": "NASA Global Landslide Catalog", "region": "NER (broad)", "label": 1 }, "geometry": { "type": "Point", "coordinates": [ 94.3551, 24.819 ] } },
{ "type": "Feature", "properties": { "lat": 25.4788, "lon": 94.1399, "date": "10/09/2010 12:00:00 AM", "source": "NASA Global Landslide Catalog", "region": "NER (broad)", "label": 1 }, "geometry": { "type": "Point", "coordinates": [ 94.1399, 25.4788 ] } },
{ "type": "Feature", "properties": { "lat": 27.2644, "lon": 88.1365, "date": "08/19/2009 08:30:00 PM", "source": "NASA Global Landslide Catalog", "region": "NER (broad)", "label": 1 }, "geometry": { "type": "Point", "coordinates": [ 88.1365, 27.2644 ] } },
{ "type": "Feature", "properties": { "lat": 25.5006, "lon": 90.0896, "date": "10/20/2014 12:00:00 AM", "source": "NASA Global Landslide Catalog", "region": "NER (broad)", "label": 1 }, "geometry": { "type": "Point", "coordinates": [ 90.0896, 25.5006 ] } },
{ "type": "Feature", "properties": { "lat": 26.1662, "lon": 91.7138, "date": "05/11/2013 09:00:00 AM", "source": "NASA Global Landslide Catalog", "region": "NER (broad)", "label": 1 }, "geometry": { "type": "Point", "coordinates": [ 91.7138, 26.1662 ] } },
{ "type": "Feature", "properties": { "lat": 25.8376, "lon": 94.5234, "date": "08/04/2013 12:00:00 AM", "source": "NASA Global Landslide Catalog", "region": "NER (broad)", "label": 1 }, "geometry": { "type": "Point", "coordinates": [ 94.5234, 25.8376 ] } },
{ "type": "Feature", "properties": { "lat": 26.0481, "lon": 94.4619, "date": "08/04/2013 12:00:00 AM", "source": "NASA Global Landslide Catalog", "region": "NER (broad)", "label": 1 }, "geometry": { "type": "Point", "coordinates": [ 94.4619, 26.0481 ] } },
{ "type": "Feature", "properties": { "lat": 26.1324, "lon": 91.8342, "date": "09/22/2014 12:00:00 AM", "source": "NASA Global Landslide Catalog", "region": "NER (broad)", "label": 1 }, "geometry": { "type": "Point", "coordinates": [ 91.8342, 26.1324 ] } },
{ "type": "Feature", "properties": { "lat": 27.1748, "lon": 88.6458, "date": "06/07/2012 04:30:00 AM", "source": "NASA Global Landslide Catalog", "region": "NER (broad)", "label": 1 }, "geometry": { "type": "Point", "coordinates": [ 88.6458, 27.1748 ] } },
{ "type": "Feature", "properties": { "lat": 25.8702, "lon": 94.7844, "date": "07/28/2016 11:00:00 PM", "source": "NASA Global Landslide Catalog", "region": "NER (broad)", "label": 1 }, "geometry": { "type": "Point", "coordinates": [ 94.7844, 25.8702 ] } },
{ "type": "Feature", "properties": { "lat": 26.0214, "lon": 94.5224, "date": "08/19/2015 12:00:00 AM", "source": "NASA Global Landslide Catalog", "region": "NER (broad)", "label": 1 }, "geometry": { "type": "Point", "coordinates": [ 94.5224, 26.0214 ] } },
{ "type": "Feature", "properties": { "lat": 24.7459, "lon": 93.4251, "date": "08/11/2015 12:00:00 AM", "source": "NASA Global Landslide Catalog", "region": "NER (broad)", "label": 1 }, "geometry": { "type": "Point", "coordinates": [ 93.4251, 24.7459 ] } },
{ "type": "Feature", "properties": { "lat": 25.2568, "lon": 92.3825, "date": "08/19/2015 12:00:00 AM", "source": "NASA Global Landslide Catalog", "region": "NER (broad)", "label": 1 }, "geometry": { "type": "Point", "coordinates": [ 92.3825, 25.2568 ] } },
{ "type": "Feature", "properties": { "lat": 27.8835, "lon": 96.9262, "date": "08/16/2015 12:00:00 AM", "source": "NASA Global Landslide Catalog", "region": "NER (broad)", "label": 1 }, "geometry": { "type": "Point", "coordinates": [ 96.9262, 27.8835 ] } },
{ "type": "Feature", "properties": { "lat": 28.0822, "lon": 96.5316, "date": "05/01/2016 12:00:00 AM", "source": "NASA Global Landslide Catalog", "region": "NER (broad)", "label": 1 }, "geometry": { "type": "Point", "coordinates": [ 96.5316, 28.0822 ] } },
{ "type": "Feature", "properties": { "lat": 26.1295, "lon": 91.7056, "date": "09/22/2014 12:00:00 AM", "source": "NASA Global Landslide Catalog", "region": "NER (broad)", "label": 1 }, "geometry": { "type": "Point", "coordinates": [ 91.7056, 26.1295 ] } },
{ "type": "Feature", "properties": { "lat": 27.167, "lon": 88.3652, "date": "08/20/2010 12:00:00 AM", "source": "NASA Global Landslide Catalog", "region": "NER (broad)", "label": 1 }, "geometry": { "type": "Point", "coordinates": [ 88.3652, 27.167 ] } },
{ "type": "Feature", "properties": { "lat": 26.1807, "lon": 94.5497, "date": "08/04/2013 12:00:00 AM", "source": "NASA Global Landslide Catalog", "region": "NER (broad)", "label": 1 }, "geometry": { "type": "Point", "coordinates": [ 94.5497, 26.1807 ] } },
{ "type": "Feature", "properties": { "lat": 27.3746, "lon": 88.7648, "date": "08/26/2009 12:00:00 AM", "source": "NASA Global Landslide Catalog", "region": "NER (broad)", "label": 1 }, "geometry": { "type": "Point", "coordinates": [ 88.7648, 27.3746 ] } },
{ "type": "Feature", "properties": { "lat": 25.5718, "lon": 94.1211, "date": "08/21/2010 06:00:00 PM", "source": "NASA Global Landslide Catalog", "region": "NER (broad)", "label": 1 }, "geometry": { "type": "Point", "coordinates": [ 94.1211, 25.5718 ] } },
{ "type": "Feature", "properties": { "lat": 26.1963, "lon": 91.8074, "date": "07/14/2016 12:00:00 AM", "source": "NASA Global Landslide Catalog", "region": "NER (broad)", "label": 1 }, "geometry": { "type": "Point", "coordinates": [ 91.8074, 26.1963 ] } },
{ "type": "Feature", "properties": { "lat": 24.1077, "lon": 94.0396, "date": "08/01/2015 06:30:00 AM", "source": "NASA Global Landslide Catalog", "region": "NER (broad)", "label": 1 }, "geometry": { "type": "Point", "coordinates": [ 94.0396, 24.1077 ] } },
{ "type": "Feature", "properties": { "lat": 25.6633, "lon": 94.4703, "date": "10/08/2010 12:00:00 AM", "source": "NASA Global Landslide Catalog", "region": "NER (broad)", "label": 1 }, "geometry": { "type": "Point", "coordinates": [ 94.4703, 25.6633 ] } },
{ "type": "Feature", "properties": { "lat": 27.201, "lon": 88.4883, "date": "09/07/2007 12:00:00 AM", "source": "NASA Global Landslide Catalog", "region": "NER (broad)", "label": 1 }, "geometry": { "type": "Point", "coordinates": [ 88.4883, 27.201 ] } },
{ "type": "Feature", "properties": { "lat": 29.2409, "lon": 95.9761, "date": "06/06/2012 12:00:00 AM", "source": "NASA Global Landslide Catalog", "region": "NER (broad)", "label": 1 }, "geometry": { "type": "Point", "coordinates": [ 95.9761, 29.2409 ] } },
{ "type": "Feature", "properties": { "lat": 26.159, "lon": 91.8178, "date": "09/22/2014 12:00:00 AM", "source": "NASA Global Landslide Catalog", "region": "NER (broad)", "label": 1 }, "geometry": { "type": "Point", "coordinates": [ 91.8178, 26.159 ] } },
{ "type": "Feature", "properties": { "lat": 26.3333, "lon": 91.25, "date": "10/29/2008 12:00:00 AM", "source": "NASA Global Landslide Catalog", "region": "NER (broad)", "label": 1 }, "geometry": { "type": "Point", "coordinates": [ 91.25, 26.3333 ] } },
{ "type": "Feature", "properties": { "lat": 26.72, "lon": 95.029, "date": "07/01/2013 12:00:00 AM", "source": "NASA Global Landslide Catalog", "region": "NER (broad)", "label": 1 }, "geometry": { "type": "Point", "coordinates": [ 95.029, 26.72 ] } },
{ "type": "Feature", "properties": { "lat": 25.4192, "lon": 94.108, "date": "07/29/2011 12:00:00 AM", "source": "NASA Global Landslide Catalog", "region": "NER (broad)", "label": 1 }, "geometry": { "type": "Point", "coordinates": [ 94.108, 25.4192 ] } },
{ "type": "Feature", "properties": { "lat": 27.3736, "lon": 88.7323, "date": "09/07/2013 03:00:00 PM", "source": "NASA Global Landslide Catalog", "region": "NER (broad)", "label": 1 }, "geometry": { "type": "Point", "coordinates": [ 88.7323, 27.3736 ] } },
{ "type": "Feature", "properties": { "lat": 25.1718, "lon": 93.123, "date": "08/27/2009 12:00:00 AM", "source": "NASA Global Landslide Catalog", "region": "NER (broad)", "label": 1 }, "geometry": { "type": "Point", "coordinates": [ 93.123, 25.1718 ] } },
{ "type": "Feature", "properties": { "lat": 27.5509, "lon": 88.6475, "date": "07/21/2010 08:00:00 AM", "source": "NASA Global Landslide Catalog", "region": "NER (broad)", "label": 1 }, "geometry": { "type": "Point", "coordinates": [ 88.6475, 27.5509 ] } },
{ "type": "Feature", "properties": { "lat": 25.426, "lon": 94.6024, "date": "10/13/2013 07:30:00 PM", "source": "NASA Global Landslide Catalog", "region": "NER (broad)", "label": 1 }, "geometry": { "type": "Point", "coordinates": [ 94.6024, 25.426 ] } },
{ "type": "Feature", "properties": { "lat": 26.0093, "lon": 94.5238, "date": "07/06/2010 12:00:00 AM", "source": "NASA Global Landslide Catalog", "region": "NER (broad)", "label": 1 }, "geometry": { "type": "Point", "coordinates": [ 94.5238, 26.0093 ] } },
{ "type": "Feature", "properties": { "lat": 27.1614, "lon": 93.7525, "date": "09/02/2013 12:00:00 AM", "source": "NASA Global Landslide Catalog", "region": "NER (broad)", "label": 1 }, "geometry": { "type": "Point", "coordinates": [ 93.7525, 27.1614 ] } },
{ "type": "Feature", "properties": { "lat": 26.1868, "lon": 91.6739, "date": "09/01/2015 12:00:00 AM", "source": "NASA Global Landslide Catalog", "region": "NER (broad)", "label": 1 }, "geometry": { "type": "Point", "coordinates": [ 91.6739, 26.1868 ] } },
{ "type": "Feature", "properties": { "lat": 25.51614662, "lon": 94.2341227, "date": "06/21/2011 12:00:00 AM", "source": "NASA Global Landslide Catalog", "region": "NER (broad)", "label": 1 }, "geometry": { "type": "Point", "coordinates": [ 94.2341227, 25.51614662 ] } },
{ "type": "Feature", "properties": { "lat": 27.7565, "lon": 88.632, "date": "06/07/2012 12:00:00 AM", "source": "NASA Global Landslide Catalog", "region": "NER (broad)", "label": 1 }, "geometry": { "type": "Point", "coordinates": [ 88.632, 27.7565 ] } },
{ "type": "Feature", "properties": { "lat": 26.5836, "lon": 93.0038, "date": "07/24/2011 12:30:00 PM", "source": "NASA Global Landslide Catalog", "region": "NER (broad)", "label": 1 }, "geometry": { "type": "Point", "coordinates": [ 93.0038, 26.5836 ] } },
{ "type": "Feature", "properties": { "lat": 25.1333, "lon": 93.9667, "date": "08/31/2007 12:00:00 AM", "source": "NASA Global Landslide Catalog", "region": "NER (broad)", "label": 1 }, "geometry": { "type": "Point", "coordinates": [ 93.9667, 25.1333 ] } },
{ "type": "Feature", "properties": { "lat": 25.0634, "lon": 94.3415, "date": "07/31/2015 11:00:00 PM", "source": "NASA Global Landslide Catalog", "region": "NER (broad)", "label": 1 }, "geometry": { "type": "Point", "coordinates": [ 94.3415, 25.0634 ] } },
{ "type": "Feature", "properties": { "lat": 24.837, "lon": 93.9128, "date": "10/08/2010 12:00:00 AM", "source": "NASA Global Landslide Catalog", "region": "NER (broad)", "label": 1 }, "geometry": { "type": "Point", "coordinates": [ 93.9128, 24.837 ] } },
{ "type": "Feature", "properties": { "lat": 27.1499, "lon": 88.38, "date": "07/16/2007 12:00:00 AM", "source": "NASA Global Landslide Catalog", "region": "NER (broad)", "label": 1 }, "geometry": { "type": "Point", "coordinates": [ 88.38, 27.1499 ] } },
{ "type": "Feature", "properties": { "lat": 27.1954, "lon": 88.6115, "date": "09/17/2009 12:00:00 AM", "source": "NASA Global Landslide Catalog", "region": "NER (broad)", "label": 1 }, "geometry": { "type": "Point", "coordinates": [ 88.6115, 27.1954 ] } },
{ "type": "Feature", "properties": { "lat": 27.1032, "lon": 93.6884, "date": "07/19/2011 12:00:00 AM", "source": "NASA Global Landslide Catalog", "region": "NER (broad)", "label": 1 }, "geometry": { "type": "Point", "coordinates": [ 93.6884, 27.1032 ] } },
{ "type": "Feature", "properties": { "lat": 25.4916, "lon": 91.2698, "date": "06/28/2010 12:00:00 AM", "source": "NASA Global Landslide Catalog", "region": "NER (broad)", "label": 1 }, "geometry": { "type": "Point", "coordinates": [ 91.2698, 25.4916 ] } },
{ "type": "Feature", "properties": { "lat": 27.13862165, "lon": 88.22551799, "date": "08/23/2011 12:00:00 AM", "source": "NASA Global Landslide Catalog", "region": "NER (broad)", "label": 1 }, "geometry": { "type": "Point", "coordinates": [ 88.22551799, 27.13862165 ] } },
{ "type": "Feature", "properties": { "lat": 27.163, "lon": 94.0, "date": "08/14/2008 12:00:00 AM", "source": "NASA Global Landslide Catalog", "region": "NER (broad)", "label": 1 }, "geometry": { "type": "Point", "coordinates": [ 94.0, 27.163 ] } },
{ "type": "Feature", "properties": { "lat": 26.1619, "lon": 91.7697, "date": "06/27/2014 12:00:00 AM", "source": "NASA Global Landslide Catalog", "region": "NER (broad)", "label": 1 }, "geometry": { "type": "Point", "coordinates": [ 91.7697, 26.1619 ] } },
{ "type": "Feature", "properties": { "lat": 25.0604, "lon": 93.9877, "date": "09/08/2007 12:00:00 AM", "source": "NASA Global Landslide Catalog", "region": "NER (broad)", "label": 1 }, "geometry": { "type": "Point", "coordinates": [ 93.9877, 25.0604 ] } },
{ "type": "Feature", "properties": { "lat": 27.2743, "lon": 92.9064, "date": "07/16/2011 12:00:00 AM", "source": "NASA Global Landslide Catalog", "region": "NER (broad)", "label": 1 }, "geometry": { "type": "Point", "coordinates": [ 92.9064, 27.2743 ] } },
{ "type": "Feature", "properties": { "lat": 24.9849, "lon": 92.8411, "date": "05/20/2008 12:00:00 AM", "source": "NASA Global Landslide Catalog", "region": "NER (broad)", "label": 1 }, "geometry": { "type": "Point", "coordinates": [ 92.8411, 24.9849 ] } },
{ "type": "Feature", "properties": { "lat": 25.5007, "lon": 93.9854, "date": "07/22/2015 12:00:00 AM", "source": "NASA Global Landslide Catalog", "region": "NER (broad)", "label": 1 }, "geometry": { "type": "Point", "coordinates": [ 93.9854, 25.5007 ] } },
{ "type": "Feature", "properties": { "lat": 25.0951, "lon": 92.3567, "date": "06/13/2012 12:00:00 AM", "source": "NASA Global Landslide Catalog", "region": "NER (broad)", "label": 1 }, "geometry": { "type": "Point", "coordinates": [ 92.3567, 25.0951 ] } },
{ "type": "Feature", "properties": { "lat": 24.3069, "lon": 93.125, "date": "09/16/2010 03:00:00 AM", "source": "NASA Global Landslide Catalog", "region": "NER (broad)", "label": 1 }, "geometry": { "type": "Point", "coordinates": [ 93.125, 24.3069 ] } },
{ "type": "Feature", "properties": { "lat": 25.6263, "lon": 94.1057, "date": "08/20/2015 06:00:00 PM", "source": "NASA Global Landslide Catalog", "region": "NER (broad)", "label": 1 }, "geometry": { "type": "Point", "coordinates": [ 94.1057, 25.6263 ] } },
{ "type": "Feature", "properties": { "lat": 28.1737, "lon": 94.7596, "date": "08/18/2015 12:00:00 AM", "source": "NASA Global Landslide Catalog", "region": "NER (broad)", "label": 1 }, "geometry": { "type": "Point", "coordinates": [ 94.7596, 28.1737 ] } },
{ "type": "Feature", "properties": { "lat": 27.0869, "lon": 93.6086, "date": "08/17/2014 12:00:00 AM", "source": "NASA Global Landslide Catalog", "region": "NER (broad)", "label": 1 }, "geometry": { "type": "Point", "coordinates": [ 93.6086, 27.0869 ] } },
{ "type": "Feature", "properties": { "lat": 25.5576, "lon": 91.8506, "date": "08/26/2007 12:00:00 AM", "source": "NASA Global Landslide Catalog", "region": "NER (broad)", "label": 1 }, "geometry": { "type": "Point", "coordinates": [ 91.8506, 25.5576 ] } },
{ "type": "Feature", "properties": { "lat": 23.8447, "lon": 93.0514, "date": "08/26/2015 12:00:00 AM", "source": "NASA Global Landslide Catalog", "region": "NER (broad)", "label": 1 }, "geometry": { "type": "Point", "coordinates": [ 93.0514, 23.8447 ] } },
{ "type": "Feature", "properties": { "lat": 25.5772, "lon": 91.8666, "date": "09/23/2014 03:00:00 AM", "source": "NASA Global Landslide Catalog", "region": "NER (broad)", "label": 1 }, "geometry": { "type": "Point", "coordinates": [ 91.8666, 25.5772 ] } },
{ "type": "Feature", "properties": { "lat": 25.5498, "lon": 92.0757, "date": "06/13/2012 12:00:00 AM", "source": "NASA Global Landslide Catalog", "region": "NER (broad)", "label": 1 }, "geometry": { "type": "Point", "coordinates": [ 92.0757, 25.5498 ] } },
{ "type": "Feature", "properties": { "lat": 24.8142, "lon": 93.5444, "date": "06/10/2012 12:00:00 AM", "source": "NASA Global Landslide Catalog", "region": "NER (broad)", "label": 1 }, "geometry": { "type": "Point", "coordinates": [ 93.5444, 24.8142 ] } },
{ "type": "Feature", "properties": { "lat": 27.3425, "lon": 88.2426, "date": "09/01/2013 06:00:00 PM", "source": "NASA Global Landslide Catalog", "region": "NER (broad)", "label": 1 }, "geometry": { "type": "Point", "coordinates": [ 88.2426, 27.3425 ] } },
{ "type": "Feature", "properties": { "lat": 25.0477, "lon": 92.801, "date": "07/25/2010 12:00:00 AM", "source": "NASA Global Landslide Catalog", "region": "NER (broad)", "label": 1 }, "geometry": { "type": "Point", "coordinates": [ 92.801, 25.0477 ] } },
{ "type": "Feature", "properties": { "lat": 25.70223725, "lon": 94.04619681, "date": "08/13/2010 12:00:00 AM", "source": "NASA Global Landslide Catalog", "region": "NER (broad)", "label": 1 }, "geometry": { "type": "Point", "coordinates": [ 94.04619681, 25.70223725 ] } },
{ "type": "Feature", "properties": { "lat": 25.7238, "lon": 89.9032, "date": "09/23/2014 12:00:00 AM", "source": "NASA Global Landslide Catalog", "region": "NER (broad)", "label": 1 }, "geometry": { "type": "Point", "coordinates": [ 89.9032, 25.7238 ] } },
{ "type": "Feature", "properties": { "lat": 26.3185, "lon": 94.5247, "date": "06/14/2016 08:00:00 AM", "source": "NASA Global Landslide Catalog", "region": "NER (broad)", "label": 1 }, "geometry": { "type": "Point", "coordinates": [ 94.5247, 26.3185 ] } },
{ "type": "Feature", "properties": { "lat": 26.1844, "lon": 91.7896, "date": "06/26/2014 11:00:00 PM", "source": "NASA Global Landslide Catalog", "region": "NER (broad)", "label": 1 }, "geometry": { "type": "Point", "coordinates": [ 91.7896, 26.1844 ] } },
{ "type": "Feature", "properties": { "lat": 24.2451, "lon": 94.0691, "date": "09/10/2007 12:00:00 AM", "source": "NASA Global Landslide Catalog", "region": "NER (broad)", "label": 1 }, "geometry": { "type": "Point", "coordinates": [ 94.0691, 24.2451 ] } },
{ "type": "Feature", "properties": { "lat": 25.6237, "lon": 94.1136, "date": "08/12/2015 12:00:00 AM", "source": "NASA Global Landslide Catalog", "region": "NER (broad)", "label": 1 }, "geometry": { "type": "Point", "coordinates": [ 94.1136, 25.6237 ] } },
{ "type": "Feature", "properties": { "lat": 27.1675, "lon": 88.3651, "date": "09/16/2012 12:00:00 AM", "source": "NASA Global Landslide Catalog", "region": "NER (broad)", "label": 1 }, "geometry": { "type": "Point", "coordinates": [ 88.3651, 27.1675 ] } },
{ "type": "Feature", "properties": { "lat": 24.4072, "lon": 94.0644, "date": "08/01/2015 12:00:00 AM", "source": "NASA Global Landslide Catalog", "region": "NER (broad)", "label": 1 }, "geometry": { "type": "Point", "coordinates": [ 94.0644, 24.4072 ] } },
{ "type": "Feature", "properties": { "lat": 23.7527, "lon": 92.694, "date": "09/16/2010 12:00:00 AM", "source": "NASA Global Landslide Catalog", "region": "NER (broad)", "label": 1 }, "geometry": { "type": "Point", "coordinates": [ 92.694, 23.7527 ] } },
{ "type": "Feature", "properties": { "lat": 26.138, "lon": 94.25, "date": "08/19/2008 12:00:00 AM", "source": "NASA Global Landslide Catalog", "region": "NER (broad)", "label": 1 }, "geometry": { "type": "Point", "coordinates": [ 94.25, 26.138 ] } },
{ "type": "Feature", "properties": { "lat": 23.9939, "lon": 94.0573, "date": "08/01/2015 12:00:00 AM", "source": "NASA Global Landslide Catalog", "region": "NER (broad)", "label": 1 }, "geometry": { "type": "Point", "coordinates": [ 94.0573, 23.9939 ] } },
{ "type": "Feature", "properties": { "lat": 26.49349035, "lon": 91.72137514000001, "date": "09/01/2015 12:00:00 AM", "source": "NASA Global Landslide Catalog", "region": "NER (broad)", "label": 1 }, "geometry": { "type": "Point", "coordinates": [ 91.72137514, 26.49349035 ] } },
{ "type": "Feature", "properties": { "lat": 25.67, "lon": 94.1066, "date": "08/29/2008 12:00:00 AM", "source": "NASA Global Landslide Catalog", "region": "NER (broad)", "label": 1 }, "geometry": { "type": "Point", "coordinates": [ 94.1066, 25.67 ] } },
{ "type": "Feature", "properties": { "lat": 24.4279, "lon": 94.0564, "date": "09/11/2007 12:00:00 AM", "source": "NASA Global Landslide Catalog", "region": "NER (broad)", "label": 1 }, "geometry": { "type": "Point", "coordinates": [ 94.0564, 24.4279 ] } },
{ "type": "Feature", "properties": { "lat": 24.9356, "lon": 93.8443, "date": "07/31/2010 09:00:00 AM", "source": "NASA Global Landslide Catalog", "region": "NER (broad)", "label": 1 }, "geometry": { "type": "Point", "coordinates": [ 93.8443, 24.9356 ] } },
{ "type": "Feature", "properties": { "lat": 26.10973183, "lon": 91.80317334, "date": "07/06/2017 07:39:00 PM", "source": "NASA Global Landslide Catalog", "region": "NER (broad)", "label": 1 }, "geometry": { "type": "Point", "coordinates": [ 91.80317334, 26.10973183 ] } },
{ "type": "Feature", "properties": { "lat": 24.7543, "lon": 93.5039, "date": "06/07/2010 12:00:00 AM", "source": "NASA Global Landslide Catalog", "region": "NER (broad)", "label": 1 }, "geometry": { "type": "Point", "coordinates": [ 93.5039, 24.7543 ] } },
{ "type": "Feature", "properties": { "lat": 23.7131, "lon": 92.7362, "date": "06/19/2015 12:00:00 AM", "source": "NASA Global Landslide Catalog", "region": "NER (broad)", "label": 1 }, "geometry": { "type": "Point", "coordinates": [ 92.7362, 23.7131 ] } },
{ "type": "Feature", "properties": { "lat": 26.3897, "lon": 94.9439, "date": "08/16/2013 12:00:00 AM", "source": "NASA Global Landslide Catalog", "region": "NER (broad)", "label": 1 }, "geometry": { "type": "Point", "coordinates": [ 94.9439, 26.3897 ] } },
{ "type": "Feature", "properties": { "lat": 25.1416, "lon": 92.3807, "date": "08/19/2015 12:00:00 AM", "source": "NASA Global Landslide Catalog", "region": "NER (broad)", "label": 1 }, "geometry": { "type": "Point", "coordinates": [ 92.3807, 25.1416 ] } },
{ "type": "Feature", "properties": { "lat": 23.73478778, "lon": 92.72124394, "date": "10/05/2009 12:00:00 AM", "source": "NASA Global Landslide Catalog", "region": "NER (broad)", "label": 1 }, "geometry": { "type": "Point", "coordinates": [ 92.72124394, 23.73478778 ] } },
{ "type": "Feature", "properties": { "lat": 26.1961, "lon": 91.7825, "date": "06/22/2016 12:00:00 PM", "source": "NASA Global Landslide Catalog", "region": "NER (broad)", "label": 1 }, "geometry": { "type": "Point", "coordinates": [ 91.7825, 26.1961 ] } },
{ "type": "Feature", "properties": { "lat": 25.0728, "lon": 92.3636, "date": "08/19/2015 12:00:00 AM", "source": "NASA Global Landslide Catalog", "region": "NER (broad)", "label": 1 }, "geometry": { "type": "Point", "coordinates": [ 92.3636, 25.0728 ] } },
{ "type": "Feature", "properties": { "lat": 27.1758, "lon": 88.5294, "date": "01/14/2016 05:15:00 AM", "source": "NASA Global Landslide Catalog", "region": "NER (broad)", "label": 1 }, "geometry": { "type": "Point", "coordinates": [ 88.5294, 27.1758 ] } },
{ "type": "Feature", "properties": { "lat": 27.172, "lon": 88.5292, "date": "10/15/2016 12:00:00 AM", "source": "NASA Global Landslide Catalog", "region": "NER (broad)", "label": 1 }, "geometry": { "type": "Point", "coordinates": [ 88.5292, 27.172 ] } },
{ "type": "Feature", "properties": { "lat": 23.7313, "lon": 92.7187, "date": "09/14/2015 01:30:00 AM", "source": "NASA Global Landslide Catalog", "region": "NER (broad)", "label": 1 }, "geometry": { "type": "Point", "coordinates": [ 92.7187, 23.7313 ] } },
{ "type": "Feature", "properties": { "lat": 25.1604, "lon": 93.6795, "date": "03/04/2012 12:00:00 AM", "source": "NASA Global Landslide Catalog", "region": "NER (broad)", "label": 1 }, "geometry": { "type": "Point", "coordinates": [ 93.6795, 25.1604 ] } },
{ "type": "Feature", "properties": { "lat": 27.337, "lon": 88.609, "date": "08/28/2008 12:00:00 AM", "source": "NASA Global Landslide Catalog", "region": "NER (broad)", "label": 1 }, "geometry": { "type": "Point", "coordinates": [ 88.609, 27.337 ] } },
{ "type": "Feature", "properties": { "lat": 27.322, "lon": 88.6087, "date": "04/17/2010 12:00:00 AM", "source": "NASA Global Landslide Catalog", "region": "NER (broad)", "label": 1 }, "geometry": { "type": "Point", "coordinates": [ 88.6087, 27.322 ] } },
{ "type": "Feature", "properties": { "lat": 28.4298, "lon": 95.8776, "date": "05/31/2010 12:00:00 AM", "source": "NASA Global Landslide Catalog", "region": "NER (broad)", "label": 1 }, "geometry": { "type": "Point", "coordinates": [ 95.8776, 28.4298 ] } },
{ "type": "Feature", "properties": { "lat": 24.5204, "lon": 92.7264, "date": "05/18/2016 08:00:00 AM", "source": "NASA Global Landslide Catalog", "region": "NER (broad)", "label": 1 }, "geometry": { "type": "Point", "coordinates": [ 92.7264, 24.5204 ] } },
{ "type": "Feature", "properties": { "lat": 27.0136, "lon": 92.6351, "date": "07/01/2016 12:00:00 AM", "source": "NASA Global Landslide Catalog", "region": "NER (broad)", "label": 1 }, "geometry": { "type": "Point", "coordinates": [ 92.6351, 27.0136 ] } },
{ "type": "Feature", "properties": { "lat": 27.7167, "lon": 88.5577, "date": "06/03/2012 12:00:00 AM", "source": "NASA Global Landslide Catalog", "region": "NER (broad)", "label": 1 }, "geometry": { "type": "Point", "coordinates": [ 88.5577, 27.7167 ] } },
{ "type": "Feature", "properties": { "lat": 27.0998, "lon": 93.6287, "date": "06/14/2008 12:00:00 AM", "source": "NASA Global Landslide Catalog", "region": "NER (broad)", "label": 1 }, "geometry": { "type": "Point", "coordinates": [ 93.6287, 27.0998 ] } },
{ "type": "Feature", "properties": { "lat": 26.1044, "lon": 91.7082, "date": "09/22/2014 12:00:00 AM", "source": "NASA Global Landslide Catalog", "region": "NER (broad)", "label": 1 }, "geometry": { "type": "Point", "coordinates": [ 91.7082, 26.1044 ] } },
{ "type": "Feature", "properties": { "lat": 26.1771, "lon": 91.7599, "date": "05/11/2013 12:00:00 AM", "source": "NASA Global Landslide Catalog", "region": "NER (broad)", "label": 1 }, "geometry": { "type": "Point", "coordinates": [ 91.7599, 26.1771 ] } },
{ "type": "Feature", "properties": { "lat": 26.9986, "lon": 95.4993, "date": "06/25/2012 12:00:00 AM", "source": "NASA Global Landslide Catalog", "region": "NER (broad)", "label": 1 }, "geometry": { "type": "Point", "coordinates": [ 95.4993, 26.9986 ] } },
{ "type": "Feature", "properties": { "lat": 27.5523, "lon": 91.752, "date": "04/22/2016 09:30:00 PM", "source": "NASA Global Landslide Catalog", "region": "NER (broad)", "label": 1 }, "geometry": { "type": "Point", "coordinates": [ 91.752, 27.5523 ] } },
{ "type": "Feature", "properties": { "lat": 25.7713, "lon": 93.8067, "date": "08/13/2011 08:00:00 AM", "source": "NASA Global Landslide Catalog", "region": "NER (broad)", "label": 1 }, "geometry": { "type": "Point", "coordinates": [ 93.8067, 25.7713 ] } },
{ "type": "Feature", "properties": { "lat": 27.8837, "lon": 93.0515, "date": "08/01/2013 12:00:00 AM", "source": "NASA Global Landslide Catalog", "region": "NER (broad)", "label": 1 }, "geometry": { "type": "Point", "coordinates": [ 93.0515, 27.8837 ] } },
{ "type": "Feature", "properties": { "lat": 24.8063, "lon": 93.9482, "date": "07/06/2011 12:00:00 AM", "source": "NASA Global Landslide Catalog", "region": "NER (broad)", "label": 1 }, "geometry": { "type": "Point", "coordinates": [ 93.9482, 24.8063 ] } },
{ "type": "Feature", "properties": { "lat": 22.7176, "lon": 92.8416, "date": "09/13/2010 12:00:00 AM", "source": "NASA Global Landslide Catalog", "region": "NER (broad)", "label": 1 }, "geometry": { "type": "Point", "coordinates": [ 92.8416, 22.7176 ] } },
{ "type": "Feature", "properties": { "lat": 27.7, "lon": 92.8, "date": "08/12/2009 12:00:00 AM", "source": "NASA Global Landslide Catalog", "region": "NER (broad)", "label": 1 }, "geometry": { "type": "Point", "coordinates": [ 92.8, 27.7 ] } },
{ "type": "Feature", "properties": { "lat": 25.5098, "lon": 93.8794, "date": "07/22/2015 12:00:00 AM", "source": "NASA Global Landslide Catalog", "region": "NER (broad)", "label": 1 }, "geometry": { "type": "Point", "coordinates": [ 93.8794, 25.5098 ] } },
{ "type": "Feature", "properties": { "lat": 24.8628, "lon": 94.4182, "date": "08/30/2009 12:00:00 AM", "source": "NASA Global Landslide Catalog", "region": "NER (broad)", "label": 1 }, "geometry": { "type": "Point", "coordinates": [ 94.4182, 24.8628 ] } },
{ "type": "Feature", "properties": { "lat": 24.9786, "lon": 93.5027, "date": "07/29/2010 12:00:00 AM", "source": "NASA Global Landslide Catalog", "region": "NER (broad)", "label": 1 }, "geometry": { "type": "Point", "coordinates": [ 93.5027, 24.9786 ] } },
{ "type": "Feature", "properties": { "lat": 25.2946, "lon": 92.8339, "date": "08/26/2007 12:00:00 AM", "source": "NASA Global Landslide Catalog", "region": "NER (broad)", "label": 1 }, "geometry": { "type": "Point", "coordinates": [ 92.8339, 25.2946 ] } },
{ "type": "Feature", "properties": { "lat": 26.1226, "lon": 91.7162, "date": "06/22/2012 12:00:00 AM", "source": "NASA Global Landslide Catalog", "region": "NER (broad)", "label": 1 }, "geometry": { "type": "Point", "coordinates": [ 91.7162, 26.1226 ] } },
{ "type": "Feature", "properties": { "lat": 25.583, "lon": 91.893, "date": "09/23/2015 03:00:00 PM", "source": "NASA Global Landslide Catalog", "region": "NER (broad)", "label": 1 }, "geometry": { "type": "Point", "coordinates": [ 91.893, 25.583 ] } },
{ "type": "Feature", "properties": { "lat": 24.6005, "lon": 92.3814, "date": "06/03/2010 05:00:00 AM", "source": "NASA Global Landslide Catalog", "region": "NER (broad)", "label": 1 }, "geometry": { "type": "Point", "coordinates": [ 92.3814, 24.6005 ] } },
{ "type": "Feature", "properties": { "lat": 27.5799, "lon": 91.8569, "date": "04/22/2016 02:30:00 AM", "source": "NASA Global Landslide Catalog", "region": "NER (broad)", "label": 1 }, "geometry": { "type": "Point", "coordinates": [ 91.8569, 27.5799 ] } },
{ "type": "Feature", "properties": { "lat": 27.5754, "lon": 91.9754, "date": "08/05/2016 12:00:00 AM", "source": "NASA Global Landslide Catalog", "region": "NER (broad)", "label": 1 }, "geometry": { "type": "Point", "coordinates": [ 91.9754, 27.5754 ] } },
{ "type": "Feature", "properties": { "lat": 27.44, "lon": 92.2833, "date": "08/12/2011 12:00:00 AM", "source": "NASA Global Landslide Catalog", "region": "NER (broad)", "label": 1 }, "geometry": { "type": "Point", "coordinates": [ 92.2833, 27.44 ] } },
{ "type": "Feature", "properties": { "lat": 26.2083, "lon": 94.5438, "date": "08/04/2013 12:00:00 AM", "source": "NASA Global Landslide Catalog", "region": "NER (broad)", "label": 1 }, "geometry": { "type": "Point", "coordinates": [ 94.5438, 26.2083 ] } },
{ "type": "Feature", "properties": { "lat": 24.6596, "lon": 93.9784, "date": "06/09/2008 12:00:00 AM", "source": "NASA Global Landslide Catalog", "region": "NER (broad)", "label": 1 }, "geometry": { "type": "Point", "coordinates": [ 93.9784, 24.6596 ] } },
{ "type": "Feature", "properties": { "lat": 25.8266, "lon": 94.1497, "date": "10/05/2013 11:00:00 PM", "source": "NASA Global Landslide Catalog", "region": "NER (broad)", "label": 1 }, "geometry": { "type": "Point", "coordinates": [ 94.1497, 25.8266 ] } },
{ "type": "Feature", "properties": { "lat": 26.1768, "lon": 91.7702, "date": "07/14/2016 12:00:00 AM", "source": "NASA Global Landslide Catalog", "region": "NER (broad)", "label": 1 }, "geometry": { "type": "Point", "coordinates": [ 91.7702, 26.1768 ] } },
{ "type": "Feature", "properties": { "lat": 27.8997, "lon": 93.3497, "date": "04/02/2010 11:00:00 PM", "source": "NASA Global Landslide Catalog", "region": "NER (broad)", "label": 1 }, "geometry": { "type": "Point", "coordinates": [ 93.3497, 27.8997 ] } },
{ "type": "Feature", "properties": { "lat": 23.7281, "lon": 92.7175, "date": "05/11/2013 09:00:00 AM", "source": "NASA Global Landslide Catalog", "region": "NER (broad)", "label": 1 }, "geometry": { "type": "Point", "coordinates": [ 92.7175, 23.7281 ] } },
{ "type": "Feature", "properties": { "lat": 25.16, "lon": 93.686, "date": "06/19/2015 12:00:00 AM", "source": "NASA Global Landslide Catalog", "region": "NER (broad)", "label": 1 }, "geometry": { "type": "Point", "coordinates": [ 93.686, 25.16 ] } },
{ "type": "Feature", "properties": { "lat": 27.5798729, "lon": 91.85672387, "date": "11/22/2010 12:00:00 AM", "source": "NASA Global Landslide Catalog", "region": "NER (broad)", "label": 1 }, "geometry": { "type": "Point", "coordinates": [ 91.85672387, 27.5798729 ] } },
{ "type": "Feature", "properties": { "lat": 25.3433, "lon": 92.2897, "date": "05/11/2010 09:00:00 AM", "source": "NASA Global Landslide Catalog", "region": "NER (broad)", "label": 1 }, "geometry": { "type": "Point", "coordinates": [ 92.2897, 25.3433 ] } },
{ "type": "Feature", "properties": { "lat": 26.1016, "lon": 91.6906, "date": "05/11/2013 12:00:00 AM", "source": "NASA Global Landslide Catalog", "region": "NER (broad)", "label": 1 }, "geometry": { "type": "Point", "coordinates": [ 91.6906, 26.1016 ] } },
{ "type": "Feature", "properties": { "lat": 24.2315, "lon": 92.6755, "date": "05/07/2013 12:00:00 AM", "source": "NASA Global Landslide Catalog", "region": "NER (broad)", "label": 1 }, "geometry": { "type": "Point", "coordinates": [ 92.6755, 24.2315 ] } },
{ "type": "Feature", "properties": { "lat": 26.1965, "lon": 91.763, "date": "04/20/2010 12:00:00 AM", "source": "NASA Global Landslide Catalog", "region": "NER (broad)", "label": 1 }, "geometry": { "type": "Point", "coordinates": [ 91.763, 26.1965 ] } },
{ "type": "Feature", "properties": { "lat": 26.1028, "lon": 91.8806, "date": "08/22/2015 09:00:00 AM", "source": "NASA Global Landslide Catalog", "region": "NER (broad)", "label": 1 }, "geometry": { "type": "Point", "coordinates": [ 91.8806, 26.1028 ] } },
{ "type": "Feature", "properties": { "lat": 25.83762589, "lon": 93.94633448, "date": "06/25/2017 01:10:00 PM", "source": "NASA Global Landslide Catalog", "region": "NER (broad)", "label": 1 }, "geometry": { "type": "Point", "coordinates": [ 93.94633448, 25.83762589 ] } },
{ "type": "Feature", "properties": { "lat": 26.0838, "lon": 94.564, "date": "08/04/2013 12:00:00 AM", "source": "NASA Global Landslide Catalog", "region": "NER (broad)", "label": 1 }, "geometry": { "type": "Point", "coordinates": [ 94.564, 26.0838 ] } },
{ "type": "Feature", "properties": { "lat": 24.042, "lon": 92.6724, "date": "08/27/2015 12:00:00 AM", "source": "NASA Global Landslide Catalog", "region": "NER (broad)", "label": 1 }, "geometry": { "type": "Point", "coordinates": [ 92.6724, 24.042 ] } },
{ "type": "Feature", "properties": { "lat": 27.125, "lon": 93.7145, "date": "07/15/2011 06:00:00 PM", "source": "NASA Global Landslide Catalog", "region": "NER (broad)", "label": 1 }, "geometry": { "type": "Point", "coordinates": [ 93.7145, 27.125 ] } },
{ "type": "Feature", "properties": { "lat": 28.8254, "lon": 96.1509, "date": "04/07/2013 12:00:00 AM", "source": "NASA Global Landslide Catalog", "region": "NER (broad)", "label": 1 }, "geometry": { "type": "Point", "coordinates": [ 96.1509, 28.8254 ] } },
{ "type": "Feature", "properties": { "lat": 24.416, "lon": 94.0984, "date": "08/01/2015 12:00:00 AM", "source": "NASA Global Landslide Catalog", "region": "NER (broad)", "label": 1 }, "geometry": { "type": "Point", "coordinates": [ 94.0984, 24.416 ] } },
{ "type": "Feature", "properties": { "lat": 25.4786, "lon": 94.1327, "date": "08/27/2010 04:30:00 PM", "source": "NASA Global Landslide Catalog", "region": "NER (broad)", "label": 1 }, "geometry": { "type": "Point", "coordinates": [ 94.1327, 25.4786 ] } },
{ "type": "Feature", "properties": { "lat": 27.4885, "lon": 88.4451, "date": "06/17/2011 07:30:00 PM", "source": "NASA Global Landslide Catalog", "region": "NER (broad)", "label": 1 }, "geometry": { "type": "Point", "coordinates": [ 88.4451, 27.4885 ] } },
{ "type": "Feature", "properties": { "lat": 25.8782, "lon": 94.1739, "date": "07/01/2011 12:00:00 AM", "source": "NASA Global Landslide Catalog", "region": "NER (broad)", "label": 1 }, "geometry": { "type": "Point", "coordinates": [ 94.1739, 25.8782 ] } },
{ "type": "Feature", "properties": { "lat": 27.1695, "lon": 88.3664, "date": "10/15/2016 12:00:00 AM", "source": "NASA Global Landslide Catalog", "region": "NER (broad)", "label": 1 }, "geometry": { "type": "Point", "coordinates": [ 88.3664, 27.1695 ] } },
{ "type": "Feature", "properties": { "lat": 25.0318, "lon": 92.4584, "date": "03/19/2015 12:00:00 AM", "source": "NASA Global Landslide Catalog", "region": "NER (broad)", "label": 1 }, "geometry": { "type": "Point", "coordinates": [ 92.4584, 25.0318 ] } },
{ "type": "Feature", "properties": { "lat": 28.611, "lon": 94.9829, "date": "09/02/2013 12:00:00 AM", "source": "NASA Global Landslide Catalog", "region": "NER (broad)", "label": 1 }, "geometry": { "type": "Point", "coordinates": [ 94.9829, 28.611 ] } },
{ "type": "Feature", "properties": { "lat": 23.5397, "lon": 93.3783, "date": "07/28/2016 11:00:00 PM", "source": "NASA Global Landslide Catalog", "region": "NER (broad)", "label": 1 }, "geometry": { "type": "Point", "coordinates": [ 93.3783, 23.5397 ] } },
{ "type": "Feature", "properties": { "lat": 26.1049, "lon": 91.7369, "date": "06/25/2012 06:00:00 PM", "source": "NASA Global Landslide Catalog", "region": "NER (broad)", "label": 1 }, "geometry": { "type": "Point", "coordinates": [ 91.7369, 26.1049 ] } },
{ "type": "Feature", "properties": { "lat": 28.8254, "lon": 96.1517, "date": "06/02/2012 12:00:00 AM", "source": "NASA Global Landslide Catalog", "region": "NER (broad)", "label": 1 }, "geometry": { "type": "Point", "coordinates": [ 96.1517, 28.8254 ] } },
{ "type": "Feature", "properties": { "lat": 27.36, "lon": 93.0385, "date": "07/15/2015 08:00:00 AM", "source": "NASA Global Landslide Catalog", "region": "NER (broad)", "label": 1 }, "geometry": { "type": "Point", "coordinates": [ 93.0385, 27.36 ] } },
{ "type": "Feature", "properties": { "lat": 26.1309, "lon": 91.8383, "date": "10/06/2013 12:45:00 PM", "source": "NASA Global Landslide Catalog", "region": "NER (broad)", "label": 1 }, "geometry": { "type": "Point", "coordinates": [ 91.8383, 26.1309 ] } },
{ "type": "Feature", "properties": { "lat": 28.3036, "lon": 95.4112, "date": "09/09/2010 11:00:00 PM", "source": "NASA Global Landslide Catalog", "region": "NER (broad)", "label": 1 }, "geometry": { "type": "Point", "coordinates": [ 95.4112, 28.3036 ] } },
{ "type": "Feature", "properties": { "lat": 25.1555, "lon": 93.8474, "date": "05/31/2011 02:00:00 PM", "source": "NASA Global Landslide Catalog", "region": "NER (broad)", "label": 1 }, "geometry": { "type": "Point", "coordinates": [ 93.8474, 25.1555 ] } },
{ "type": "Feature", "properties": { "lat": 25.2745, "lon": 94.0212, "date": "10/08/2010 12:00:00 AM", "source": "NASA Global Landslide Catalog", "region": "NER (broad)", "label": 1 }, "geometry": { "type": "Point", "coordinates": [ 94.0212, 25.2745 ] } },
{ "type": "Feature", "properties": { "lat": 23.73504471, "lon": 92.71060943000001, "date": "09/13/2010 12:00:00 AM", "source": "NASA Global Landslide Catalog", "region": "NER (broad)", "label": 1 }, "geometry": { "type": "Point", "coordinates": [ 92.71060943, 23.73504471 ] } },
{ "type": "Feature", "properties": { "lat": 25.0888, "lon": 92.8551, "date": "05/24/2011 12:00:00 AM", "source": "NASA Global Landslide Catalog", "region": "NER (broad)", "label": 1 }, "geometry": { "type": "Point", "coordinates": [ 92.8551, 25.0888 ] } },
{ "type": "Feature", "properties": { "lat": 27.3392, "lon": 88.6188, "date": "08/27/2010 06:00:00 PM", "source": "NASA Global Landslide Catalog", "region": "NER (broad)", "label": 1 }, "geometry": { "type": "Point", "coordinates": [ 88.6188, 27.3392 ] } },
{ "type": "Feature", "properties": { "lat": 26.048, "lon": 91.8695, "date": "09/05/2015 12:00:00 AM", "source": "NASA Global Landslide Catalog", "region": "NER (broad)", "label": 1 }, "geometry": { "type": "Point", "coordinates": [ 91.8695, 26.048 ] } },
{ "type": "Feature", "properties": { "lat": 23.3439, "lon": 93.0748, "date": "09/13/2010 12:00:00 AM", "source": "NASA Global Landslide Catalog", "region": "NER (broad)", "label": 1 }, "geometry": { "type": "Point", "coordinates": [ 93.0748, 23.3439 ] } },
{ "type": "Feature", "properties": { "lat": 25.5084, "lon": 90.2191, "date": "06/16/2015 12:00:00 AM", "source": "NASA Global Landslide Catalog", "region": "NER (broad)", "label": 1 }, "geometry": { "type": "Point", "coordinates": [ 90.2191, 25.5084 ] } },
{ "type": "Feature", "properties": { "lat": 26.7103, "lon": 94.693, "date": "08/11/2013 11:00:00 PM", "source": "NASA Global Landslide Catalog", "region": "NER (broad)", "label": 1 }, "geometry": { "type": "Point", "coordinates": [ 94.693, 26.7103 ] } },
{ "type": "Feature", "properties": { "lat": 27.3543, "lon": 88.6428, "date": "05/31/2010 11:00:00 PM", "source": "NASA Global Landslide Catalog", "region": "NER (broad)", "label": 1 }, "geometry": { "type": "Point", "coordinates": [ 88.6428, 27.3543 ] } },
{ "type": "Feature", "properties": { "lat": 24.7679, "lon": 93.4108, "date": "10/08/2010 12:00:00 AM", "source": "NASA Global Landslide Catalog", "region": "NER (broad)", "label": 1 }, "geometry": { "type": "Point", "coordinates": [ 93.4108, 24.7679 ] } },
{ "type": "Feature", "properties": { "lat": 25.72, "lon": 94.6219, "date": "08/02/2015 12:00:00 AM", "source": "NASA Global Landslide Catalog", "region": "NER (broad)", "label": 1 }, "geometry": { "type": "Point", "coordinates": [ 94.6219, 25.72 ] } },
{ "type": "Feature", "properties": { "lat": 26.0101, "lon": 94.5282, "date": "07/26/2016 11:00:00 PM", "source": "NASA Global Landslide Catalog", "region": "NER (broad)", "label": 1 }, "geometry": { "type": "Point", "coordinates": [ 94.5282, 26.0101 ] } },
{ "type": "Feature", "properties": { "lat": 25.682, "lon": 94.1076, "date": "10/09/2010 12:00:00 AM", "source": "NASA Global Landslide Catalog", "region": "NER (broad)", "label": 1 }, "geometry": { "type": "Point", "coordinates": [ 94.1076, 25.682 ] } },
{ "type": "Feature", "properties": { "lat": 23.7348, "lon": 92.7187, "date": "09/14/2015 03:10:00 AM", "source": "NASA Global Landslide Catalog", "region": "NER (broad)", "label": 1 }, "geometry": { "type": "Point", "coordinates": [ 92.7187, 23.7348 ] } },
{ "type": "Feature", "properties": { "lat": 25.2193, "lon": 90.5549, "date": "08/19/2015 09:00:00 AM", "source": "NASA Global Landslide Catalog", "region": "NER (broad)", "label": 1 }, "geometry": { "type": "Point", "coordinates": [ 90.5549, 25.2193 ] } },
{ "type": "Feature", "properties": { "lat": 27.5748, "lon": 91.8644, "date": "07/28/2016 12:00:00 AM", "source": "NASA Global Landslide Catalog", "region": "NER (broad)", "label": 1 }, "geometry": { "type": "Point", "coordinates": [ 91.8644, 27.5748 ] } },
{ "type": "Feature", "properties": { "lat": 25.318, "lon": 94.0441, "date": "08/09/2013 12:00:00 AM", "source": "NASA Global Landslide Catalog", "region": "NER (broad)", "label": 1 }, "geometry": { "type": "Point", "coordinates": [ 94.0441, 25.318 ] } },
{ "type": "Feature", "properties": { "lat": 24.7016, "lon": 93.5291, "date": "08/11/2015 12:00:00 AM", "source": "NASA Global Landslide Catalog", "region": "NER (broad)", "label": 1 }, "geometry": { "type": "Point", "coordinates": [ 93.5291, 24.7016 ] } },
{ "type": "Feature", "properties": { "lat": 25.0633, "lon": 92.8025, "date": "06/16/2010 12:00:00 AM", "source": "NASA Global Landslide Catalog", "region": "NER (broad)", "label": 1 }, "geometry": { "type": "Point", "coordinates": [ 92.8025, 25.0633 ] } },
{ "type": "Feature", "properties": { "lat": 25.6703, "lon": 94.1095, "date": "07/11/2011 09:00:00 AM", "source": "NASA Global Landslide Catalog", "region": "NER (broad)", "label": 1 }, "geometry": { "type": "Point", "coordinates": [ 94.1095, 25.6703 ] } },
{ "type": "Feature", "properties": { "lat": 25.705, "lon": 94.04, "date": "08/07/2008 12:00:00 AM", "source": "NASA Global Landslide Catalog", "region": "NER (broad)", "label": 1 }, "geometry": { "type": "Point", "coordinates": [ 94.04, 25.705 ] } },
{ "type": "Feature", "properties": { "lat": 26.3186, "lon": 94.5121, "date": "06/20/2011 12:00:00 AM", "source": "NASA Global Landslide Catalog", "region": "NER (broad)", "label": 1 }, "geometry": { "type": "Point", "coordinates": [ 94.5121, 26.3186 ] } },
{ "type": "Feature", "properties": { "lat": 25.1122, "lon": 94.3591, "date": "08/01/2015 12:00:00 AM", "source": "NASA Global Landslide Catalog", "region": "NER (broad)", "label": 1 }, "geometry": { "type": "Point", "coordinates": [ 94.3591, 25.1122 ] } },
{ "type": "Feature", "properties": { "lat": 27.2319, "lon": 88.497, "date": "08/26/2010 11:00:00 PM", "source": "NASA Global Landslide Catalog", "region": "NER (broad)", "label": 1 }, "geometry": { "type": "Point", "coordinates": [ 88.497, 27.2319 ] } },
{ "type": "Feature", "properties": { "lat": 28.9986, "lon": 94.8885, "date": "07/05/2012 12:00:00 AM", "source": "NASA Global Landslide Catalog", "region": "NER (broad)", "label": 1 }, "geometry": { "type": "Point", "coordinates": [ 94.8885, 28.9986 ] } },
{ "type": "Feature", "properties": { "lat": 26.7215, "lon": 95.0283, "date": "07/19/2010 06:00:00 AM", "source": "NASA Global Landslide Catalog", "region": "NER (broad)", "label": 1 }, "geometry": { "type": "Point", "coordinates": [ 95.0283, 26.7215 ] } },
{ "type": "Feature", "properties": { "lat": 27.2872, "lon": 88.2816, "date": "09/18/2007 12:00:00 AM", "source": "NASA Global Landslide Catalog", "region": "NER (broad)", "label": 1 }, "geometry": { "type": "Point", "coordinates": [ 88.2816, 27.2872 ] } },
{ "type": "Feature", "properties": { "lat": 23.7365, "lon": 92.7146, "date": "08/06/2010 12:00:00 AM", "source": "NASA Global Landslide Catalog", "region": "NER (broad)", "label": 1 }, "geometry": { "type": "Point", "coordinates": [ 92.7146, 23.7365 ] } },
{ "type": "Feature", "properties": { "lat": 23.7705, "lon": 92.5217, "date": "11/11/2012 12:00:00 AM", "source": "NASA Global Landslide Catalog", "region": "NER (broad)", "label": 1 }, "geometry": { "type": "Point", "coordinates": [ 92.5217, 23.7705 ] } },
{ "type": "Feature", "properties": { "lat": 26.1498, "lon": 94.6055, "date": "08/04/2013 12:00:00 AM", "source": "NASA Global Landslide Catalog", "region": "NER (broad)", "label": 1 }, "geometry": { "type": "Point", "coordinates": [ 94.6055, 26.1498 ] } },
{ "type": "Feature", "properties": { "lat": 26.148, "lon": 94.8422, "date": "08/14/2010 12:00:00 AM", "source": "NASA Global Landslide Catalog", "region": "NER (broad)", "label": 1 }, "geometry": { "type": "Point", "coordinates": [ 94.8422, 26.148 ] } },
{ "type": "Feature", "properties": { "lat": 25.5144, "lon": 90.2167, "date": "08/16/2011 08:00:00 AM", "source": "NASA Global Landslide Catalog", "region": "NER (broad)", "label": 1 }, "geometry": { "type": "Point", "coordinates": [ 90.2167, 25.5144 ] } },
{ "type": "Feature", "properties": { "lat": 25.52, "lon": 91.27, "date": "09/11/2007 12:00:00 AM", "source": "NASA Global Landslide Catalog", "region": "NER (broad)", "label": 1 }, "geometry": { "type": "Point", "coordinates": [ 91.27, 25.52 ] } },
{ "type": "Feature", "properties": { "lat": 26.1964, "lon": 91.7652, "date": "06/28/2014 09:00:00 AM", "source": "NASA Global Landslide Catalog", "region": "NER (broad)", "label": 1 }, "geometry": { "type": "Point", "coordinates": [ 91.7652, 26.1964 ] } },
{ "type": "Feature", "properties": { "lat": 24.4265, "lon": 94.1913, "date": "08/01/2015 12:00:00 AM", "source": "NASA Global Landslide Catalog", "region": "NER (broad)", "label": 1 }, "geometry": { "type": "Point", "coordinates": [ 94.1913, 24.4265 ] } },
{ "type": "Feature", "properties": { "lat": 23.72988966, "lon": 92.71495623, "date": "09/13/2010 12:00:00 AM", "source": "NASA Global Landslide Catalog", "region": "NER (broad)", "label": 1 }, "geometry": { "type": "Point", "coordinates": [ 92.71495623, 23.72988966 ] } },
{ "type": "Feature", "properties": { "lat": 26.1833, "lon": 91.8, "date": "09/13/2007 12:00:00 AM", "source": "NASA Global Landslide Catalog", "region": "NER (broad)", "label": 1 }, "geometry": { "type": "Point", "coordinates": [ 91.8, 26.1833 ] } },
{ "type": "Feature", "properties": { "lat": 27.1667, "lon": 88.35, "date": "09/09/2007 12:00:00 AM", "source": "NASA Global Landslide Catalog", "region": "NER (broad)", "label": 1 }, "geometry": { "type": "Point", "coordinates": [ 88.35, 27.1667 ] } },
{ "type": "Feature", "properties": { "lat": 25.9702, "lon": 91.8587, "date": "10/05/2014 05:45:00 PM", "source": "NASA Global Landslide Catalog", "region": "NER (broad)", "label": 1 }, "geometry": { "type": "Point", "coordinates": [ 91.8587, 25.9702 ] } },
{ "type": "Feature", "properties": { "lat": 27.7344, "lon": 88.633, "date": "08/25/2011 12:00:00 AM", "source": "NASA Global Landslide Catalog", "region": "NER (broad)", "label": 1 }, "geometry": { "type": "Point", "coordinates": [ 88.633, 27.7344 ] } },
{ "type": "Feature", "properties": { "lat": 27.339, "lon": 88.6065, "date": "06/14/2012 04:00:00 AM", "source": "NASA Global Landslide Catalog", "region": "NER (broad)", "label": 1 }, "geometry": { "type": "Point", "coordinates": [ 88.6065, 27.339 ] } },
{ "type": "Feature", "properties": { "lat": 25.4993, "lon": 94.1192, "date": "09/09/2007 12:00:00 AM", "source": "NASA Global Landslide Catalog", "region": "NER (broad)", "label": 1 }, "geometry": { "type": "Point", "coordinates": [ 94.1192, 25.4993 ] } },
{ "type": "Feature", "properties": { "lat": 25.5212, "lon": 90.232, "date": "07/27/2007 12:00:00 AM", "source": "NASA Global Landslide Catalog", "region": "NER (broad)", "label": 1 }, "geometry": { "type": "Point", "coordinates": [ 90.232, 25.5212 ] } },
{ "type": "Feature", "properties": { "lat": 23.9278, "lon": 94.0906, "date": "08/01/2015 12:00:00 AM", "source": "NASA Global Landslide Catalog", "region": "NER (broad)", "label": 1 }, "geometry": { "type": "Point", "coordinates": [ 94.0906, 23.9278 ] } },
{ "type": "Feature", "properties": { "lat": 24.9667, "lon": 93.55, "date": "08/26/2007 12:00:00 AM", "source": "NASA Global Landslide Catalog", "region": "NER (broad)", "label": 1 }, "geometry": { "type": "Point", "coordinates": [ 93.55, 24.9667 ] } },
{ "type": "Feature", "properties": { "lat": 25.1775, "lon": 93.0123, "date": "06/03/2012 12:00:00 AM", "source": "NASA Global Landslide Catalog", "region": "NER (broad)", "label": 1 }, "geometry": { "type": "Point", "coordinates": [ 93.0123, 25.1775 ] } },
{ "type": "Feature", "properties": { "lat": 25.3056, "lon": 93.1265, "date": "06/03/2012 12:00:00 AM", "source": "NASA Global Landslide Catalog", "region": "NER (broad)", "label": 1 }, "geometry": { "type": "Point", "coordinates": [ 93.1265, 25.3056 ] } },
{ "type": "Feature", "properties": { "lat": 25.1941, "lon": 94.4481, "date": "08/01/2015 12:00:00 AM", "source": "NASA Global Landslide Catalog", "region": "NER (broad)", "label": 1 }, "geometry": { "type": "Point", "coordinates": [ 94.4481, 25.1941 ] } },
{ "type": "Feature", "properties": { "lat": 25.4196, "lon": 94.1054, "date": "07/29/2010 12:00:00 AM", "source": "NASA Global Landslide Catalog", "region": "NER (broad)", "label": 1 }, "geometry": { "type": "Point", "coordinates": [ 94.1054, 25.4196 ] } },
{ "type": "Feature", "properties": { "lat": 25.83, "lon": 94.13, "date": "08/18/2011 12:00:00 AM", "source": "NASA Global Landslide Catalog", "region": "NER (broad)", "label": 1 }, "geometry": { "type": "Point", "coordinates": [ 94.13, 25.83 ] } },
{ "type": "Feature", "properties": { "lat": 24.9926, "lon": 93.4946, "date": "05/12/2013 12:00:00 AM", "source": "NASA Global Landslide Catalog", "region": "NER (broad)", "label": 1 }, "geometry": { "type": "Point", "coordinates": [ 93.4946, 24.9926 ] } },
{ "type": "Feature", "properties": { "lat": 23.4495, "lon": 92.8112, "date": "08/28/2015 01:45:00 AM", "source": "NASA Global Landslide Catalog", "region": "NER (broad)", "label": 1 }, "geometry": { "type": "Point", "coordinates": [ 92.8112, 23.4495 ] } },
{ "type": "Feature", "properties": { "lat": 24.7992, "lon": 93.948, "date": "07/22/2011 12:00:00 AM", "source": "NASA Global Landslide Catalog", "region": "NER (broad)", "label": 1 }, "geometry": { "type": "Point", "coordinates": [ 93.948, 24.7992 ] } },
{ "type": "Feature", "properties": { "lat": 26.1665, "lon": 91.7049, "date": "10/06/2013 12:00:00 AM", "source": "NASA Global Landslide Catalog", "region": "NER (broad)", "label": 1 }, "geometry": { "type": "Point", "coordinates": [ 91.7049, 26.1665 ] } },
{ "type": "Feature", "properties": { "lat": 26.3335, "lon": 94.5512, "date": "06/15/2010 12:00:00 AM", "source": "NASA Global Landslide Catalog", "region": "NER (broad)", "label": 1 }, "geometry": { "type": "Point", "coordinates": [ 94.5512, 26.3335 ] } },
{ "type": "Feature", "properties": { "lat": 24.954, "lon": 94.2156, "date": "08/01/2015 12:00:00 AM", "source": "NASA Global Landslide Catalog", "region": "NER (broad)", "label": 1 }, "geometry": { "type": "Point", "coordinates": [ 94.2156, 24.954 ] } },
{ "type": "Feature", "properties": { "lat": 25.1796, "lon": 93.0083, "date": "10/09/2010 12:00:00 AM", "source": "NASA Global Landslide Catalog", "region": "NER (broad)", "label": 1 }, "geometry": { "type": "Point", "coordinates": [ 93.0083, 25.1796 ] } },
{ "type": "Feature", "properties": { "lat": 25.4379, "lon": 94.1162, "date": "10/19/2007 12:00:00 AM", "source": "NASA Global Landslide Catalog", "region": "NER (broad)", "label": 1 }, "geometry": { "type": "Point", "coordinates": [ 94.1162, 25.4379 ] } },
{ "type": "Feature", "properties": { "lat": 25.7055, "lon": 94.0132, "date": "10/16/2007 12:00:00 AM", "source": "NASA Global Landslide Catalog", "region": "NER (broad)", "label": 1 }, "geometry": { "type": "Point", "coordinates": [ 94.0132, 25.7055 ] } },
{ "type": "Feature", "properties": { "lat": 27.3034, "lon": 93.804, "date": "07/16/2016 12:00:00 AM", "source": "NASA Global Landslide Catalog", "region": "NER (broad)", "label": 1 }, "geometry": { "type": "Point", "coordinates": [ 93.804, 27.3034 ] } },
{ "type": "Feature", "properties": { "lat": 28.3092, "lon": 95.4149, "date": "10/03/2010 12:00:00 AM", "source": "NASA Global Landslide Catalog", "region": "NER (broad)", "label": 1 }, "geometry": { "type": "Point", "coordinates": [ 95.4149, 28.3092 ] } },
{ "type": "Feature", "properties": { "lat": 25.9466, "lon": 94.6279, "date": "09/08/2014 12:00:00 AM", "source": "NASA Global Landslide Catalog", "region": "NER (broad)", "label": 1 }, "geometry": { "type": "Point", "coordinates": [ 94.6279, 25.9466 ] } },
{ "type": "Feature", "properties": { "lat": 27.6047, "lon": 88.6463, "date": "09/08/2013 12:00:00 AM", "source": "NASA Global Landslide Catalog", "region": "NER (broad)", "label": 1 }, "geometry": { "type": "Point", "coordinates": [ 88.6463, 27.6047 ] } },
{ "type": "Feature", "properties": { "lat": 25.2269, "lon": 93.1658, "date": "06/15/2010 12:00:00 AM", "source": "NASA Global Landslide Catalog", "region": "NER (broad)", "label": 1 }, "geometry": { "type": "Point", "coordinates": [ 93.1658, 25.2269 ] } },
{ "type": "Feature", "properties": { "lat": 26.7225, "lon": 95.0281, "date": "07/06/2010 12:00:00 AM", "source": "NASA Global Landslide Catalog", "region": "NER (broad)", "label": 1 }, "geometry": { "type": "Point", "coordinates": [ 95.0281, 26.7225 ] } },
{ "type": "Feature", "properties": { "lat": 24.3481, "lon": 94.1146, "date": "08/01/2015 12:00:00 AM", "source": "NASA Global Landslide Catalog", "region": "NER (broad)", "label": 1 }, "geometry": { "type": "Point", "coordinates": [ 94.1146, 24.3481 ] } },
{ "type": "Feature", "properties": { "lat": 26.1468, "lon": 91.6469, "date": "02/14/2015 12:00:00 AM", "source": "NASA Global Landslide Catalog", "region": "NER (broad)", "label": 1 }, "geometry": { "type": "Point", "coordinates": [ 91.6469, 26.1468 ] } },
{ "type": "Feature", "properties": { "lat": 25.3612, "lon": 92.2845, "date": "04/21/2010 12:00:00 AM", "source": "NASA Global Landslide Catalog", "region": "NER (broad)", "label": 1 }, "geometry": { "type": "Point", "coordinates": [ 92.2845, 25.3612 ] } },
{ "type": "Feature", "properties": { "lat": 24.6108, "lon": 92.562, "date": "02/19/2015 11:00:00 PM", "source": "NASA Global Landslide Catalog", "region": "NER (broad)", "label": 1 }, "geometry": { "type": "Point", "coordinates": [ 92.562, 24.6108 ] } },
{ "type": "Feature", "properties": { "lat": 25.7354, "lon": 90.3852, "date": "09/21/2014 12:00:00 AM", "source": "NASA Global Landslide Catalog", "region": "NER (broad)", "label": 1 }, "geometry": { "type": "Point", "coordinates": [ 90.3852, 25.7354 ] } },
{ "type": "Feature", "properties": { "lat": 25.8143, "lon": 90.5763, "date": "09/24/2014 12:00:00 AM", "source": "NASA Global Landslide Catalog", "region": "NER (broad)", "label": 1 }, "geometry": { "type": "Point", "coordinates": [ 90.5763, 25.8143 ] } },
{ "type": "Feature", "properties": { "lat": 25.63961883, "lon": 94.11112157, "date": "09/12/2010 12:00:00 AM", "source": "NASA Global Landslide Catalog", "region": "NER (broad)", "label": 1 }, "geometry": { "type": "Point", "coordinates": [ 94.11112157, 25.63961883 ] } },
{ "type": "Feature", "properties": { "lat": 24.5308, "lon": 92.5121, "date": "05/18/2016 08:00:00 AM", "source": "NASA Global Landslide Catalog", "region": "NER (broad)", "label": 1 }, "geometry": { "type": "Point", "coordinates": [ 92.5121, 24.5308 ] } },
{ "type": "Feature", "properties": { "lat": 23.7269, "lon": 92.7265, "date": "08/27/2015 12:00:00 AM", "source": "NASA Global Landslide Catalog", "region": "NER (broad)", "label": 1 }, "geometry": { "type": "Point", "coordinates": [ 92.7265, 23.7269 ] } },
{ "type": "Feature", "properties": { "lat": 27.2676, "lon": 88.2891, "date": "10/12/2016 12:00:00 AM", "source": "NASA Global Landslide Catalog", "region": "NER (broad)", "label": 1 }, "geometry": { "type": "Point", "coordinates": [ 88.2891, 27.2676 ] } },
{ "type": "Feature", "properties": { "lat": 25.3908, "lon": 94.0926, "date": "07/22/2015 12:00:00 AM", "source": "NASA Global Landslide Catalog", "region": "NER (broad)", "label": 1 }, "geometry": { "type": "Point", "coordinates": [ 94.0926, 25.3908 ] } },
{ "type": "Feature", "properties": { "lat": 24.0896, "lon": 91.4663, "date": "05/08/2013 12:00:00 AM", "source": "NASA Global Landslide Catalog", "region": "NER (broad)", "label": 1 }, "geometry": { "type": "Point", "coordinates": [ 91.4663, 24.0896 ] } },
{ "type": "Feature", "properties": { "lat": 26.1966, "lon": 91.802, "date": "07/20/2016 12:00:00 AM", "source": "NASA Global Landslide Catalog", "region": "NER (broad)", "label": 1 }, "geometry": { "type": "Point", "coordinates": [ 91.802, 26.1966 ] } },
{ "type": "Feature", "properties": { "lat": 25.08303063, "lon": 94.23757741, "date": "04/06/2017 01:19:00 PM", "source": "NASA Global Landslide Catalog", "region": "NER (broad)", "label": 1 }, "geometry": { "type": "Point", "coordinates": [ 94.23757741, 25.08303063 ] } },
{ "type": "Feature", "properties": { "lat": 25.4749, "lon": 93.1477, "date": "10/09/2010 12:00:00 AM", "source": "NASA Global Landslide Catalog", "region": "NER (broad)", "label": 1 }, "geometry": { "type": "Point", "coordinates": [ 93.1477, 25.4749 ] } },
{ "type": "Feature", "properties": { "lat": 26.1097, "lon": 91.7747, "date": "09/22/2014 12:00:00 AM", "source": "NASA Global Landslide Catalog", "region": "NER (broad)", "label": 1 }, "geometry": { "type": "Point", "coordinates": [ 91.7747, 26.1097 ] } },
{ "type": "Feature", "properties": { "lat": 26.2753, "lon": 94.6654, "date": "08/17/2010 12:00:00 AM", "source": "NASA Global Landslide Catalog", "region": "NER (broad)", "label": 1 }, "geometry": { "type": "Point", "coordinates": [ 94.6654, 26.2753 ] } },
{ "type": "Feature", "properties": { "lat": 26.1001, "lon": 91.6849, "date": "09/22/2014 12:00:00 AM", "source": "NASA Global Landslide Catalog", "region": "NER (broad)", "label": 1 }, "geometry": { "type": "Point", "coordinates": [ 91.6849, 26.1001 ] } },
{ "type": "Feature", "properties": { "lat": 28.235, "lon": 94.9612, "date": "07/19/2016 12:00:00 AM", "source": "NASA Global Landslide Catalog", "region": "NER (broad)", "label": 1 }, "geometry": { "type": "Point", "coordinates": [ 94.9612, 28.235 ] } },
{ "type": "Feature", "properties": { "lat": 22.533, "lon": 92.899, "date": "07/30/2007 12:00:00 AM", "source": "NASA Global Landslide Catalog", "region": "NER (broad)", "label": 1 }, "geometry": { "type": "Point", "coordinates": [ 92.899, 22.533 ] } },
{ "type": "Feature", "properties": { "lat": 26.1699, "lon": 91.7986, "date": "07/19/2007 12:00:00 AM", "source": "NASA Global Landslide Catalog", "region": "NER (broad)", "label": 1 }, "geometry": { "type": "Point", "coordinates": [ 91.7986, 26.1699 ] } },
{ "type": "Feature", "properties": { "lat": 27.11610665, "lon": 93.79559574, "date": "07/09/2017 01:23:00 PM", "source": "NASA Global Landslide Catalog", "region": "NER (broad)", "label": 1 }, "geometry": { "type": "Point", "coordinates": [ 93.79559574, 27.11610665 ] } },
{ "type": "Feature", "properties": { "lat": 25.181453, "lon": 93.118105, "date": "04/04/2017 12:57:00 PM", "source": "NASA Global Landslide Catalog", "region": "NER (broad)", "label": 1 }, "geometry": { "type": "Point", "coordinates": [ 93.118105, 25.181453 ] } },
{ "type": "Feature", "properties": { "lat": 25.82601444, "lon": 91.87113067, "date": "07/09/2017 06:45:00 PM", "source": "NASA Global Landslide Catalog", "region": "NER (broad)", "label": 1 }, "geometry": { "type": "Point", "coordinates": [ 91.87113067, 25.82601444 ] } },
{ "type": "Feature", "properties": { "lat": 26.191688, "lon": 91.810079, "date": "12/15/2016 02:22:00 PM", "source": "NASA Global Landslide Catalog", "region": "NER (broad)", "label": 1 }, "geometry": { "type": "Point", "coordinates": [ 91.810079, 26.191688 ] } },
{ "type": "Feature", "properties": { "lat": 28.10756941, "lon": 94.18315697, "date": "06/20/2017 01:16:00 PM", "source": "NASA Global Landslide Catalog", "region": "NER (broad)", "label": 1 }, "geometry": { "type": "Point", "coordinates": [ 94.18315697, 28.10756941 ] } },
{ "type": "Feature", "properties": { "lat": 24.79591421, "lon": 93.72386429, "date": "03/30/2017 08:28:00 PM", "source": "NASA Global Landslide Catalog", "region": "NER (broad)", "label": 1 }, "geometry": { "type": "Point", "coordinates": [ 93.72386429, 24.79591421 ] } },
{ "type": "Feature", "properties": { "lat": 22.90813548, "lon": 92.47207294, "date": "06/09/2017 02:21:00 PM", "source": "NASA Global Landslide Catalog", "region": "NER (broad)", "label": 1 }, "geometry": { "type": "Point", "coordinates": [ 92.47207294, 22.90813548 ] } },
{ "type": "Feature", "properties": { "lat": 25.43807422, "lon": 91.79904872, "date": "06/17/2017 06:45:00 PM", "source": "NASA Global Landslide Catalog", "region": "NER (broad)", "label": 1 }, "geometry": { "type": "Point", "coordinates": [ 91.79904872, 25.43807422 ] } },
{ "type": "Feature", "properties": { "lat": 25.51826286, "lon": 91.9630294, "date": "02/15/2017 10:56:00 PM", "source": "NASA Global Landslide Catalog", "region": "NER (broad)", "label": 1 }, "geometry": { "type": "Point", "coordinates": [ 91.9630294, 25.51826286 ] } },
{ "type": "Feature", "properties": { "lat": 26.16066111, "lon": 91.85294885, "date": "04/05/2017 01:19:00 PM", "source": "NASA Global Landslide Catalog", "region": "NER (broad)", "label": 1 }, "geometry": { "type": "Point", "coordinates": [ 91.85294885, 26.16066111 ] } },
{ "type": "Feature", "properties": { "lat": 23.65637182, "lon": 93.02746602000001, "date": "06/17/2017 01:16:00 PM", "source": "NASA Global Landslide Catalog", "region": "NER (broad)", "label": 1 }, "geometry": { "type": "Point", "coordinates": [ 93.02746602, 23.65637182 ] } },
{ "type": "Feature", "properties": { "lat": 27.1071241, "lon": 93.65156438, "date": "07/09/2017 01:23:00 PM", "source": "NASA Global Landslide Catalog", "region": "NER (broad)", "label": 1 }, "geometry": { "type": "Point", "coordinates": [ 93.65156438, 27.1071241 ] } },
{ "type": "Feature", "properties": { "lat": 25.481623, "lon": 93.141692, "date": "04/04/2017 12:57:00 PM", "source": "NASA Global Landslide Catalog", "region": "NER (broad)", "label": 1 }, "geometry": { "type": "Point", "coordinates": [ 93.141692, 25.481623 ] } },
{ "type": "Feature", "properties": { "lat": 24.83507319, "lon": 93.89896294, "date": "07/09/2017 01:23:00 PM", "source": "NASA Global Landslide Catalog", "region": "NER (broad)", "label": 1 }, "geometry": { "type": "Point", "coordinates": [ 93.89896294, 24.83507319 ] } },
{ "type": "Feature", "properties": { "lat": 27.21668161, "lon": 93.63051815, "date": "07/11/2017 02:21:00 PM", "source": "NASA Global Landslide Catalog", "region": "NER (broad)", "label": 1 }, "geometry": { "type": "Point", "coordinates": [ 93.63051815, 27.21668161 ] } },
{ "type": "Feature", "properties": { "lat": 27.82743132, "lon": 93.62407259, "date": "05/03/2017 02:05:00 PM", "source": "NASA Global Landslide Catalog", "region": "NER (broad)", "label": 1 }, "geometry": { "type": "Point", "coordinates": [ 93.62407259, 27.82743132 ] } },
{ "type": "Feature", "properties": { "lat": 24.37169581, "lon": 93.70684171000001, "date": "07/10/2017 06:45:00 PM", "source": "NASA Global Landslide Catalog", "region": "NER (broad)", "label": 1 }, "geometry": { "type": "Point", "coordinates": [ 93.70684171, 24.37169581 ] } },
{ "type": "Feature", "properties": { "lat": 25.67836832, "lon": 91.9234343, "date": "06/17/2017 06:45:00 PM", "source": "NASA Global Landslide Catalog", "region": "NER (broad)", "label": 1 }, "geometry": { "type": "Point", "coordinates": [ 91.9234343, 25.67836832 ] } },
{ "type": "Feature", "properties": { "lat": 27.0844941, "lon": 93.60505989000001, "date": "07/09/2017 01:23:00 PM", "source": "NASA Global Landslide Catalog", "region": "NER (broad)", "label": 1 }, "geometry": { "type": "Point", "coordinates": [ 93.60505989, 27.0844941 ] } },
{ "type": "Feature", "properties": { "lat": 25.195355, "lon": 93.172758, "date": "04/04/2017 12:57:00 PM", "source": "NASA Global Landslide Catalog", "region": "NER (broad)", "label": 1 }, "geometry": { "type": "Point", "coordinates": [ 93.172758, 25.195355 ] } },
{ "type": "Feature", "properties": { "lat": 23.33501164, "lon": 92.85410625, "date": "06/12/2017 02:21:00 PM", "source": "NASA Global Landslide Catalog", "region": "NER (broad)", "label": 1 }, "geometry": { "type": "Point", "coordinates": [ 92.85410625, 23.33501164 ] } },
{ "type": "Feature", "properties": { "lat": 24.27173018, "lon": 93.28039349, "date": "07/09/2017 01:23:00 PM", "source": "NASA Global Landslide Catalog", "region": "NER (broad)", "label": 1 }, "geometry": { "type": "Point", "coordinates": [ 93.28039349, 24.27173018 ] } },
{ "type": "Feature", "properties": { "lat": 27.583849, "lon": 91.876945, "date": "07/11/2017 02:24:00 PM", "source": "NASA Global Landslide Catalog", "region": "NER (broad)", "label": 1 }, "geometry": { "type": "Point", "coordinates": [ 91.876945, 27.583849 ] } },
{ "type": "Feature", "properties": { "lat": 25.69111465, "lon": 94.09483333, "date": "07/12/2017 01:28:00 PM", "source": "NASA Global Landslide Catalog", "region": "NER (broad)", "label": 1 }, "geometry": { "type": "Point", "coordinates": [ 94.09483333, 25.69111465 ] } },
{ "type": "Feature", "properties": { "lat": 27.360364, "lon": 88.651914, "date": "07/10/2017 12:55:00 PM", "source": "NASA Global Landslide Catalog", "region": "NER (broad)", "label": 1 }, "geometry": { "type": "Point", "coordinates": [ 88.651914, 27.360364 ] } },
{ "type": "Feature", "properties": { "lat": 27.14163897, "lon": 93.66495709, "date": "07/09/2017 01:23:00 PM", "source": "NASA Global Landslide Catalog", "region": "NER (broad)", "label": 1 }, "geometry": { "type": "Point", "coordinates": [ 93.66495709, 27.14163897 ] } },
{ "type": "Feature", "properties": { "lat": 27.05957271, "lon": 93.50102778, "date": "07/09/2017 02:21:00 PM", "source": "NASA Global Landslide Catalog", "region": "NER (broad)", "label": 1 }, "geometry": { "type": "Point", "coordinates": [ 93.50102778, 27.05957271 ] } },
{ "type": "Feature", "properties": { "lat": 27.104022, "lon": 93.61156568, "date": "04/26/2017 01:17:00 PM", "source": "NASA Global Landslide Catalog", "region": "NER (broad)", "label": 1 }, "geometry": { "type": "Point", "coordinates": [ 93.61156568, 27.104022 ] } },
{ "type": "Feature", "properties": { "lat": 25.118398, "lon": 92.853913, "date": "04/04/2017 12:57:00 PM", "source": "NASA Global Landslide Catalog", "region": "NER (broad)", "label": 1 }, "geometry": { "type": "Point", "coordinates": [ 92.853913, 25.118398 ] } },
{ "type": "Feature", "properties": { "lat": 25.132228, "lon": 93.04681, "date": "04/04/2017 12:57:00 PM", "source": "NASA Global Landslide Catalog", "region": "NER (broad)", "label": 1 }, "geometry": { "type": "Point", "coordinates": [ 93.04681, 25.132228 ] } },
{ "type": "Feature", "properties": { "lat": 27.092916, "lon": 93.61882043, "date": "07/09/2017 01:23:00 PM", "source": "NASA Global Landslide Catalog", "region": "NER (broad)", "label": 1 }, "geometry": { "type": "Point", "coordinates": [ 93.61882043, 27.092916 ] } },
{ "type": "Feature", "properties": { "lat": 25.6320357, "lon": 94.10065403, "date": "07/09/2017 01:23:00 PM", "source": "NASA Global Landslide Catalog", "region": "NER (broad)", "label": 1 }, "geometry": { "type": "Point", "coordinates": [ 94.10065403, 25.6320357 ] } },
{ "type": "Feature", "properties": { "lat": 26.96437841, "lon": 92.78260587, "date": "06/18/2017 01:16:00 PM", "source": "NASA Global Landslide Catalog", "region": "NER (broad)", "label": 1 }, "geometry": { "type": "Point", "coordinates": [ 92.78260587, 26.96437841 ] } },
{ "type": "Feature", "properties": { "lat": 26.95223279, "lon": 93.85748748, "date": "07/10/2017 02:21:00 PM", "source": "NASA Global Landslide Catalog", "region": "NER (broad)", "label": 1 }, "geometry": { "type": "Point", "coordinates": [ 93.85748748, 26.95223279 ] } },
{ "type": "Feature", "properties": { "lat": 24.0135808, "lon": 92.67420963, "date": "04/25/2017 05:58:00 PM", "source": "NASA Global Landslide Catalog", "region": "NER (broad)", "label": 1 }, "geometry": { "type": "Point", "coordinates": [ 92.67420963, 24.0135808 ] } },
{ "type": "Feature", "properties": { "lat": 25.73318099, "lon": 93.99655231, "date": "05/16/2017 02:05:00 PM", "source": "NASA Global Landslide Catalog", "region": "NER (broad)", "label": 1 }, "geometry": { "type": "Point", "coordinates": [ 93.99655231, 25.73318099 ] } },
{ "type": "Feature", "properties": { "lat": 26.66354481, "lon": 94.62220277, "date": "06/24/2017 01:23:00 PM", "source": "NASA Global Landslide Catalog", "region": "NER (broad)", "label": 1 }, "geometry": { "type": "Point", "coordinates": [ 94.62220277, 26.66354481 ] } },
{ "type": "Feature", "properties": { "lat": 25.72019272, "lon": 94.03225673, "date": "07/08/2017 01:23:00 PM", "source": "NASA Global Landslide Catalog", "region": "NER (broad)", "label": 1 }, "geometry": { "type": "Point", "coordinates": [ 94.03225673, 25.72019272 ] } },
{ "type": "Feature", "properties": { "lat": 25.77171292, "lon": 93.93507183, "date": "04/07/2017 01:19:00 PM", "source": "NASA Global Landslide Catalog", "region": "NER (broad)", "label": 1 }, "geometry": { "type": "Point", "coordinates": [ 93.93507183, 25.77171292 ] } },
{ "type": "Feature", "properties": { "lat": 25.82860033, "lon": 91.876717, "date": "07/06/2017 01:16:00 PM", "source": "NASA Global Landslide Catalog", "region": "NER (broad)", "label": 1 }, "geometry": { "type": "Point", "coordinates": [ 91.876717, 25.82860033 ] } },
{ "type": "Feature", "properties": { "lat": 27.07671517, "lon": 93.59755441, "date": "07/09/2017 01:23:00 PM", "source": "NASA Global Landslide Catalog", "region": "NER (broad)", "label": 1 }, "geometry": { "type": "Point", "coordinates": [ 93.59755441, 27.07671517 ] } },
{ "type": "Feature", "properties": { "lat": 23.725943, "lon": 92.7178, "date": "09/17/2016 02:54:00 PM", "source": "NASA Global Landslide Catalog", "region": "NER (broad)", "label": 1 }, "geometry": { "type": "Point", "coordinates": [ 92.7178, 23.725943 ] } },
{ "type": "Feature", "properties": { "lat": 25.73111942, "lon": 93.98827528, "date": "07/09/2017 01:23:00 PM", "source": "NASA Global Landslide Catalog", "region": "NER (broad)", "label": 1 }, "geometry": { "type": "Point", "coordinates": [ 93.98827528, 25.73111942 ] } },
{ "type": "Feature", "properties": { "lat": 25.06466676, "lon": 94.27420555, "date": "07/08/2017 01:23:00 PM", "source": "NASA Global Landslide Catalog", "region": "NER (broad)", "label": 1 }, "geometry": { "type": "Point", "coordinates": [ 94.27420555, 25.06466676 ] } },
{ "type": "Feature", "properties": { "lat": 26.2632687, "lon": 94.81481951000001, "date": "07/10/2017 02:21:00 PM", "source": "NASA Global Landslide Catalog", "region": "NER (broad)", "label": 1 }, "geometry": { "type": "Point", "coordinates": [ 94.81481951, 26.2632687 ] } },
{ "type": "Feature", "properties": { "lat": 27.6802471, "lon": 93.62592773, "date": "04/22/2017 06:27:00 PM", "source": "NASA Global Landslide Catalog", "region": "NER (broad)", "label": 1 }, "geometry": { "type": "Point", "coordinates": [ 93.62592773, 27.6802471 ] } },
{ "type": "Feature", "properties": { "lat": 24.82767572, "lon": 93.51825, "date": "07/09/2017 01:23:00 PM", "source": "NASA Global Landslide Catalog", "region": "NER (broad)", "label": 1 }, "geometry": { "type": "Point", "coordinates": [ 93.51825, 24.82767572 ] } },
{ "type": "Feature", "properties": { "lat": 27.61790706, "lon": 93.84196894, "date": "04/22/2017 06:27:00 PM", "source": "NASA Global Landslide Catalog", "region": "NER (broad)", "label": 1 }, "geometry": { "type": "Point", "coordinates": [ 93.84196894, 27.61790706 ] } },
{ "type": "Feature", "properties": { "lat": 25.61919207, "lon": 92.7094701, "date": "04/29/2017 01:17:00 PM", "source": "NASA Global Landslide Catalog", "region": "NER (broad)", "label": 1 }, "geometry": { "type": "Point", "coordinates": [ 92.7094701, 25.61919207 ] } },
{ "type": "Feature", "properties": { "lat": 26.56636244, "lon": 93.13195098, "date": "07/09/2017 06:45:00 PM", "source": "NASA Global Landslide Catalog", "region": "NER (broad)", "label": 1 }, "geometry": { "type": "Point", "coordinates": [ 93.13195098, 26.56636244 ] } },
{ "type": "Feature", "properties": { "lat": 26.181606, "lon": 91.772042, "date": "12/15/2016 05:00:00 AM", "source": "NASA Global Landslide Catalog", "region": "NER (broad)", "label": 1 }, "geometry": { "type": "Point", "coordinates": [ 91.772042, 26.181606 ] } },
{ "type": "Feature", "properties": { "lat": 27.391769713312101, "lon": 94.428645130517637, "date": null, "source": "Random NER background", "region": "NER (broad)", "label": 0 }, "geometry": { "type": "Point", "coordinates": [ 94.428645130517637, 27.391769713312101 ] } },
{ "type": "Feature", "properties": { "lat": 23.249103798428827, "lon": 92.800875236981938, "date": null, "source": "Random NER background", "region": "NER (broad)", "label": 0 }, "geometry": { "type": "Point", "coordinates": [ 92.800875236981938, 23.249103798428827 ] } },
{ "type": "Feature", "properties": { "lat": 26.699075502236184, "lon": 93.176944065730567, "date": null, "source": "Random NER background", "region": "NER (broad)", "label": 0 }, "geometry": { "type": "Point", "coordinates": [ 93.176944065730567, 26.699075502236184 ] } },
{ "type": "Feature", "properties": { "lat": 27.946554014662464, "lon": 94.632324252388159, "date": null, "source": "Random NER background", "region": "NER (broad)", "label": 0 }, "geometry": { "type": "Point", "coordinates": [ 94.632324252388159, 27.946554014662464 ] } },
{ "type": "Feature", "properties": { "lat": 28.279954930779681, "lon": 93.735397297985486, "date": null, "source": "Random NER background", "region": "NER (broad)", "label": 0 }, "geometry": { "type": "Point", "coordinates": [ 93.735397297985486, 28.279954930779681 ] } },
{ "type": "Feature", "properties": { "lat": 27.957026186195041, "lon": 94.932451973591284, "date": null, "source": "Random NER background", "region": "NER (broad)", "label": 0 }, "geometry": { "type": "Point", "coordinates": [ 94.932451973591284, 27.957026186195041 ] } },
{ "type": "Feature", "properties": { "lat": 24.528275017666829, "lon": 93.244385997095662, "date": null, "source": "Random NER background", "region": "NER (broad)", "label": 0 }, "geometry": { "type": "Point", "coordinates": [ 93.244385997095662, 24.528275017666829 ] } },
{ "type": "Feature", "properties": { "lat": 28.135237314023961, "lon": 93.875937647460319, "date": null, "source": "Random NER background", "region": "NER (broad)", "label": 0 }, "geometry": { "type": "Point", "coordinates": [ 93.875937647460319, 28.135237314023961 ] } },
{ "type": "Feature", "properties": { "lat": 28.393655202486219, "lon": 93.484845379939244, "date": null, "source": "Random NER background", "region": "NER (broad)", "label": 0 }, "geometry": { "type": "Point", "coordinates": [ 93.484845379939244, 28.393655202486219 ] } },
{ "type": "Feature", "properties": { "lat": 26.585475554115199, "lon": 91.465905700215799, "date": null, "source": "Random NER background", "region": "NER (broad)", "label": 0 }, "geometry": { "type": "Point", "coordinates": [ 91.465905700215799, 26.585475554115199 ] } },
{ "type": "Feature", "properties": { "lat": 26.684283081972747, "lon": 93.7867445538364, "date": null, "source": "Random NER background", "region": "NER (broad)", "label": 0 }, "geometry": { "type": "Point", "coordinates": [ 93.7867445538364, 26.684283081972747 ] } },
{ "type": "Feature", "properties": { "lat": 25.95559795019717, "lon": 94.5038353844038, "date": null, "source": "Random NER background", "region": "NER (broad)", "label": 0 }, "geometry": { "type": "Point", "coordinates": [ 94.5038353844038, 25.95559795019717 ] } },
{ "type": "Feature", "properties": { "lat": 28.242815361518481, "lon": 95.371999159689324, "date": null, "source": "Random NER background", "region": "NER (broad)", "label": 0 }, "geometry": { "type": "Point", "coordinates": [ 95.371999159689324, 28.242815361518481 ] } },
{ "type": "Feature", "properties": { "lat": 26.743509322359039, "lon": 91.758503060076322, "date": null, "source": "Random NER background", "region": "NER (broad)", "label": 0 }, "geometry": { "type": "Point", "coordinates": [ 91.758503060076322, 26.743509322359039 ] } },
{ "type": "Feature", "properties": { "lat": 25.990945073305205, "lon": 90.496045280967877, "date": null, "source": "Random NER background", "region": "NER (broad)", "label": 0 }, "geometry": { "type": "Point", "coordinates": [ 90.496045280967877, 25.990945073305205 ] } },
{ "type": "Feature", "properties": { "lat": 29.268627020908944, "lon": 96.177407171227713, "date": null, "source": "Random NER background", "region": "NER (broad)", "label": 0 }, "geometry": { "type": "Point", "coordinates": [ 96.177407171227713, 29.268627020908944 ] } },
{ "type": "Feature", "properties": { "lat": 26.953682952212599, "lon": 93.101218138883553, "date": null, "source": "Random NER background", "region": "NER (broad)", "label": 0 }, "geometry": { "type": "Point", "coordinates": [ 93.101218138883553, 26.953682952212599 ] } },
{ "type": "Feature", "properties": { "lat": 28.801022714758563, "lon": 96.269926413449284, "date": null, "source": "Random NER background", "region": "NER (broad)", "label": 0 }, "geometry": { "type": "Point", "coordinates": [ 96.269926413449284, 28.801022714758563 ] } },
{ "type": "Feature", "properties": { "lat": 27.60008640060121, "lon": 93.124100786136438, "date": null, "source": "Random NER background", "region": "NER (broad)", "label": 0 }, "geometry": { "type": "Point", "coordinates": [ 93.124100786136438, 27.60008640060121 ] } },
{ "type": "Feature", "properties": { "lat": 27.729011829044467, "lon": 93.038359885854206, "date": null, "source": "Random NER background", "region": "NER (broad)", "label": 0 }, "geometry": { "type": "Point", "coordinates": [ 93.038359885854206, 27.729011829044467 ] } },
{ "type": "Feature", "properties": { "lat": 28.529775022585479, "lon": 95.900822528931201, "date": null, "source": "Random NER background", "region": "NER (broad)", "label": 0 }, "geometry": { "type": "Point", "coordinates": [ 95.900822528931201, 28.529775022585479 ] } },
{ "type": "Feature", "properties": { "lat": 22.185227616543031, "lon": 92.61690940150784, "date": null, "source": "Random NER background", "region": "NER (broad)", "label": 0 }, "geometry": { "type": "Point", "coordinates": [ 92.61690940150784, 22.185227616543031 ] } },
{ "type": "Feature", "properties": { "lat": 25.302259024789851, "lon": 93.223134138201956, "date": null, "source": "Random NER background", "region": "NER (broad)", "label": 0 }, "geometry": { "type": "Point", "coordinates": [ 93.223134138201956, 25.302259024789851 ] } },
{ "type": "Feature", "properties": { "lat": 25.814368710235662, "lon": 94.93434515635478, "date": null, "source": "Random NER background", "region": "NER (broad)", "label": 0 }, "geometry": { "type": "Point", "coordinates": [ 94.93434515635478, 25.814368710235662 ] } },
{ "type": "Feature", "properties": { "lat": 25.00480067131604, "lon": 92.916970489838107, "date": null, "source": "Random NER background", "region": "NER (broad)", "label": 0 }, "geometry": { "type": "Point", "coordinates": [ 92.916970489838107, 25.00480067131604 ] } },
{ "type": "Feature", "properties": { "lat": 24.204684497179642, "lon": 93.588932825343718, "date": null, "source": "Random NER background", "region": "NER (broad)", "label": 0 }, "geometry": { "type": "Point", "coordinates": [ 93.588932825343718, 24.204684497179642 ] } },
{ "type": "Feature", "properties": { "lat": 27.332606795678807, "lon": 94.396963199286361, "date": null, "source": "Random NER background", "region": "NER (broad)", "label": 0 }, "geometry": { "type": "Point", "coordinates": [ 94.396963199286361, 27.332606795678807 ] } },
{ "type": "Feature", "properties": { "lat": 25.385129003605748, "lon": 90.030599342392222, "date": null, "source": "Random NER background", "region": "NER (broad)", "label": 0 }, "geometry": { "type": "Point", "coordinates": [ 90.030599342392222, 25.385129003605748 ] } },
{ "type": "Feature", "properties": { "lat": 25.946146587244947, "lon": 94.8248786153151, "date": null, "source": "Random NER background", "region": "NER (broad)", "label": 0 }, "geometry": { "type": "Point", "coordinates": [ 94.8248786153151, 25.946146587244947 ] } },
{ "type": "Feature", "properties": { "lat": 26.260280851600221, "lon": 94.414519259238858, "date": null, "source": "Random NER background", "region": "NER (broad)", "label": 0 }, "geometry": { "type": "Point", "coordinates": [ 94.414519259238858, 26.260280851600221 ] } },
{ "type": "Feature", "properties": { "lat": 26.256153228267529, "lon": 93.884124348154984, "date": null, "source": "Random NER background", "region": "NER (broad)", "label": 0 }, "geometry": { "type": "Point", "coordinates": [ 93.884124348154984, 26.256153228267529 ] } },
{ "type": "Feature", "properties": { "lat": 23.409487620926768, "lon": 91.759965544516916, "date": null, "source": "Random NER background", "region": "NER (broad)", "label": 0 }, "geometry": { "type": "Point", "coordinates": [ 91.759965544516916, 23.409487620926768 ] } },
{ "type": "Feature", "properties": { "lat": 28.169959637118456, "lon": 94.683629288330025, "date": null, "source": "Random NER background", "region": "NER (broad)", "label": 0 }, "geometry": { "type": "Point", "coordinates": [ 94.683629288330025, 28.169959637118456 ] } },
{ "type": "Feature", "properties": { "lat": 26.57390367108064, "lon": 90.507847065488875, "date": null, "source": "Random NER background", "region": "NER (broad)", "label": 0 }, "geometry": { "type": "Point", "coordinates": [ 90.507847065488875, 26.57390367108064 ] } },
{ "type": "Feature", "properties": { "lat": 26.596907018411041, "lon": 90.488574993126306, "date": null, "source": "Random NER background", "region": "NER (broad)", "label": 0 }, "geometry": { "type": "Point", "coordinates": [ 90.488574993126306, 26.596907018411041 ] } },
{ "type": "Feature", "properties": { "lat": 27.429847266783447, "lon": 93.240964000700714, "date": null, "source": "Random NER background", "region": "NER (broad)", "label": 0 }, "geometry": { "type": "Point", "coordinates": [ 93.240964000700714, 27.429847266783447 ] } },
{ "type": "Feature", "properties": { "lat": 28.176760159088133, "lon": 93.533840881653035, "date": null, "source": "Random NER background", "region": "NER (broad)", "label": 0 }, "geometry": { "type": "Point", "coordinates": [ 93.533840881653035, 28.176760159088133 ] } },
{ "type": "Feature", "properties": { "lat": 27.74092993497154, "lon": 96.399279663784583, "date": null, "source": "Random NER background", "region": "NER (broad)", "label": 0 }, "geometry": { "type": "Point", "coordinates": [ 96.399279663784583, 27.74092993497154 ] } },
{ "type": "Feature", "properties": { "lat": 27.986173759523176, "lon": 96.373453944301602, "date": null, "source": "Random NER background", "region": "NER (broad)", "label": 0 }, "geometry": { "type": "Point", "coordinates": [ 96.373453944301602, 27.986173759523176 ] } },
{ "type": "Feature", "properties": { "lat": 28.477334263248721, "lon": 96.156635887708916, "date": null, "source": "Random NER background", "region": "NER (broad)", "label": 0 }, "geometry": { "type": "Point", "coordinates": [ 96.156635887708916, 28.477334263248721 ] } },
{ "type": "Feature", "properties": { "lat": 25.182425877431537, "lon": 90.899313239716705, "date": null, "source": "Random NER background", "region": "NER (broad)", "label": 0 }, "geometry": { "type": "Point", "coordinates": [ 90.899313239716705, 25.182425877431537 ] } },
{ "type": "Feature", "properties": { "lat": 26.631853908861022, "lon": 91.79694465142056, "date": null, "source": "Random NER background", "region": "NER (broad)", "label": 0 }, "geometry": { "type": "Point", "coordinates": [ 91.79694465142056, 26.631853908861022 ] } },
{ "type": "Feature", "properties": { "lat": 26.349670826449145, "lon": 92.85851906686004, "date": null, "source": "Random NER background", "region": "NER (broad)", "label": 0 }, "geometry": { "type": "Point", "coordinates": [ 92.85851906686004, 26.349670826449145 ] } },
{ "type": "Feature", "properties": { "lat": 24.581563466757817, "lon": 93.477586413217693, "date": null, "source": "Random NER background", "region": "NER (broad)", "label": 0 }, "geometry": { "type": "Point", "coordinates": [ 93.477586413217693, 24.581563466757817 ] } },
{ "type": "Feature", "properties": { "lat": 25.807615976742333, "lon": 94.834584991876042, "date": null, "source": "Random NER background", "region": "NER (broad)", "label": 0 }, "geometry": { "type": "Point", "coordinates": [ 94.834584991876042, 25.807615976742333 ] } },
{ "type": "Feature", "properties": { "lat": 27.43560062271581, "lon": 94.370970792113496, "date": null, "source": "Random NER background", "region": "NER (broad)", "label": 0 }, "geometry": { "type": "Point", "coordinates": [ 94.370970792113496, 27.43560062271581 ] } },
{ "type": "Feature", "properties": { "lat": 23.974277297669225, "lon": 91.879732631882561, "date": null, "source": "Random NER background", "region": "NER (broad)", "label": 0 }, "geometry": { "type": "Point", "coordinates": [ 91.879732631882561, 23.974277297669225 ] } },
{ "type": "Feature", "properties": { "lat": 29.022909365841464, "lon": 94.434520480090967, "date": null, "source": "Random NER background", "region": "NER (broad)", "label": 0 }, "geometry": { "type": "Point", "coordinates": [ 94.434520480090967, 29.022909365841464 ] } },
{ "type": "Feature", "properties": { "lat": 23.907598996524523, "lon": 93.205403524789119, "date": null, "source": "Random NER background", "region": "NER (broad)", "label": 0 }, "geometry": { "type": "Point", "coordinates": [ 93.205403524789119, 23.907598996524523 ] } },
{ "type": "Feature", "properties": { "lat": 26.73764498962457, "lon": 92.417387807346643, "date": null, "source": "Random NER background", "region": "NER (broad)", "label": 0 }, "geometry": { "type": "Point", "coordinates": [ 92.417387807346643, 26.73764498962457 ] } },
{ "type": "Feature", "properties": { "lat": 22.178364293800971, "lon": 92.896794094194561, "date": null, "source": "Random NER background", "region": "NER (broad)", "label": 0 }, "geometry": { "type": "Point", "coordinates": [ 92.896794094194561, 22.178364293800971 ] } },
{ "type": "Feature", "properties": { "lat": 26.563526846126365, "lon": 91.184288426393124, "date": null, "source": "Random NER background", "region": "NER (broad)", "label": 0 }, "geometry": { "type": "Point", "coordinates": [ 91.184288426393124, 26.563526846126365 ] } },
{ "type": "Feature", "properties": { "lat": 28.047387716293315, "lon": 95.135812306636964, "date": null, "source": "Random NER background", "region": "NER (broad)", "label": 0 }, "geometry": { "type": "Point", "coordinates": [ 95.135812306636964, 28.047387716293315 ] } },
{ "type": "Feature", "properties": { "lat": 23.458740352626801, "lon": 92.513795270078646, "date": null, "source": "Random NER background", "region": "NER (broad)", "label": 0 }, "geometry": { "type": "Point", "coordinates": [ 92.513795270078646, 23.458740352626801 ] } },
{ "type": "Feature", "properties": { "lat": 25.455017352083491, "lon": 90.317852175995156, "date": null, "source": "Random NER background", "region": "NER (broad)", "label": 0 }, "geometry": { "type": "Point", "coordinates": [ 90.317852175995156, 25.455017352083491 ] } },
{ "type": "Feature", "properties": { "lat": 27.507715812947783, "lon": 95.315438791453246, "date": null, "source": "Random NER background", "region": "NER (broad)", "label": 0 }, "geometry": { "type": "Point", "coordinates": [ 95.315438791453246, 27.507715812947783 ] } },
{ "type": "Feature", "properties": { "lat": 28.631407406483497, "lon": 93.820197066236744, "date": null, "source": "Random NER background", "region": "NER (broad)", "label": 0 }, "geometry": { "type": "Point", "coordinates": [ 93.820197066236744, 28.631407406483497 ] } },
{ "type": "Feature", "properties": { "lat": 27.254191690207737, "lon": 92.795392565831818, "date": null, "source": "Random NER background", "region": "NER (broad)", "label": 0 }, "geometry": { "type": "Point", "coordinates": [ 92.795392565831818, 27.254191690207737 ] } },
{ "type": "Feature", "properties": { "lat": 28.144553357771319, "lon": 93.204783530802885, "date": null, "source": "Random NER background", "region": "NER (broad)", "label": 0 }, "geometry": { "type": "Point", "coordinates": [ 93.204783530802885, 28.144553357771319 ] } },
{ "type": "Feature", "properties": { "lat": 28.677664825866096, "lon": 95.064726700516061, "date": null, "source": "Random NER background", "region": "NER (broad)", "label": 0 }, "geometry": { "type": "Point", "coordinates": [ 95.064726700516061, 28.677664825866096 ] } },
{ "type": "Feature", "properties": { "lat": 25.297395494584428, "lon": 90.462319710417674, "date": null, "source": "Random NER background", "region": "NER (broad)", "label": 0 }, "geometry": { "type": "Point", "coordinates": [ 90.462319710417674, 25.297395494584428 ] } },
{ "type": "Feature", "properties": { "lat": 27.626509474377318, "lon": 92.952348221865833, "date": null, "source": "Random NER background", "region": "NER (broad)", "label": 0 }, "geometry": { "type": "Point", "coordinates": [ 92.952348221865833, 27.626509474377318 ] } },
{ "type": "Feature", "properties": { "lat": 26.513987495854249, "lon": 90.608675745716596, "date": null, "source": "Random NER background", "region": "NER (broad)", "label": 0 }, "geometry": { "type": "Point", "coordinates": [ 90.608675745716596, 26.513987495854249 ] } },
{ "type": "Feature", "properties": { "lat": 24.760794957332688, "lon": 93.154805834787197, "date": null, "source": "Random NER background", "region": "NER (broad)", "label": 0 }, "geometry": { "type": "Point", "coordinates": [ 93.154805834787197, 24.760794957332688 ] } },
{ "type": "Feature", "properties": { "lat": 28.353856258431481, "lon": 95.27314847312168, "date": null, "source": "Random NER background", "region": "NER (broad)", "label": 0 }, "geometry": { "type": "Point", "coordinates": [ 95.27314847312168, 28.353856258431481 ] } },
{ "type": "Feature", "properties": { "lat": 28.327583604552835, "lon": 97.057588215465998, "date": null, "source": "Random NER background", "region": "NER (broad)", "label": 0 }, "geometry": { "type": "Point", "coordinates": [ 97.057588215465998, 28.327583604552835 ] } },
{ "type": "Feature", "properties": { "lat": 25.86905847787072, "lon": 93.730899594941803, "date": null, "source": "Random NER background", "region": "NER (broad)", "label": 0 }, "geometry": { "type": "Point", "coordinates": [ 93.730899594941803, 25.86905847787072 ] } },
{ "type": "Feature", "properties": { "lat": 24.652162050717639, "lon": 93.361723838735358, "date": null, "source": "Random NER background", "region": "NER (broad)", "label": 0 }, "geometry": { "type": "Point", "coordinates": [ 93.361723838735358, 24.652162050717639 ] } },
{ "type": "Feature", "properties": { "lat": 27.589837663152217, "lon": 91.601699047859299, "date": null, "source": "Random NER background", "region": "NER (broad)", "label": 0 }, "geometry": { "type": "Point", "coordinates": [ 91.601699047859299, 27.589837663152217 ] } },
{ "type": "Feature", "properties": { "lat": 27.51607858843828, "lon": 95.903280708975075, "date": null, "source": "Random NER background", "region": "NER (broad)", "label": 0 }, "geometry": { "type": "Point", "coordinates": [ 95.903280708975075, 27.51607858843828 ] } },
{ "type": "Feature", "properties": { "lat": 26.701152745999, "lon": 95.421713971303504, "date": null, "source": "Random NER background", "region": "NER (broad)", "label": 0 }, "geometry": { "type": "Point", "coordinates": [ 95.421713971303504, 26.701152745999 ] } },
{ "type": "Feature", "properties": { "lat": 26.714037241951115, "lon": 95.165215438565497, "date": null, "source": "Random NER background", "region": "NER (broad)", "label": 0 }, "geometry": { "type": "Point", "coordinates": [ 95.165215438565497, 26.714037241951115 ] } },
{ "type": "Feature", "properties": { "lat": 26.011756655440152, "lon": 90.070663138611778, "date": null, "source": "Random NER background", "region": "NER (broad)", "label": 0 }, "geometry": { "type": "Point", "coordinates": [ 90.070663138611778, 26.011756655440152 ] } },
{ "type": "Feature", "properties": { "lat": 27.095719769969207, "lon": 95.285531934384295, "date": null, "source": "Random NER background", "region": "NER (broad)", "label": 0 }, "geometry": { "type": "Point", "coordinates": [ 95.285531934384295, 27.095719769969207 ] } },
{ "type": "Feature", "properties": { "lat": 28.05440939448868, "lon": 97.164847343823837, "date": null, "source": "Random NER background", "region": "NER (broad)", "label": 0 }, "geometry": { "type": "Point", "coordinates": [ 97.164847343823837, 28.05440939448868 ] } },
{ "type": "Feature", "properties": { "lat": 27.220117640395749, "lon": 88.721966539509069, "date": null, "source": "Random NER background", "region": "NER (broad)", "label": 0 }, "geometry": { "type": "Point", "coordinates": [ 88.721966539509069, 27.220117640395749 ] } },
{ "type": "Feature", "properties": { "lat": 27.024915327463845, "lon": 93.958802758209913, "date": null, "source": "Random NER background", "region": "NER (broad)", "label": 0 }, "geometry": { "type": "Point", "coordinates": [ 93.958802758209913, 27.024915327463845 ] } },
{ "type": "Feature", "properties": { "lat": 28.302345912710368, "lon": 93.703910340760018, "date": null, "source": "Random NER background", "region": "NER (broad)", "label": 0 }, "geometry": { "type": "Point", "coordinates": [ 93.703910340760018, 28.302345912710368 ] } },
{ "type": "Feature", "properties": { "lat": 28.296605015996619, "lon": 95.812143721855563, "date": null, "source": "Random NER background", "region": "NER (broad)", "label": 0 }, "geometry": { "type": "Point", "coordinates": [ 95.812143721855563, 28.296605015996619 ] } },
{ "type": "Feature", "properties": { "lat": 27.158469149648617, "lon": 92.137127877572937, "date": null, "source": "Random NER background", "region": "NER (broad)", "label": 0 }, "geometry": { "type": "Point", "coordinates": [ 92.137127877572937, 27.158469149648617 ] } },
{ "type": "Feature", "properties": { "lat": 25.805383251586047, "lon": 92.593226286890356, "date": null, "source": "Random NER background", "region": "NER (broad)", "label": 0 }, "geometry": { "type": "Point", "coordinates": [ 92.593226286890356, 25.805383251586047 ] } },
{ "type": "Feature", "properties": { "lat": 25.217667732825849, "lon": 93.798151190189941, "date": null, "source": "Random NER background", "region": "NER (broad)", "label": 0 }, "geometry": { "type": "Point", "coordinates": [ 93.798151190189941, 25.217667732825849 ] } },
{ "type": "Feature", "properties": { "lat": 27.024874715572185, "lon": 94.136077547539045, "date": null, "source": "Random NER background", "region": "NER (broad)", "label": 0 }, "geometry": { "type": "Point", "coordinates": [ 94.136077547539045, 27.024874715572185 ] } },
{ "type": "Feature", "properties": { "lat": 26.152444682658938, "lon": 92.495974643215476, "date": null, "source": "Random NER background", "region": "NER (broad)", "label": 0 }, "geometry": { "type": "Point", "coordinates": [ 92.495974643215476, 26.152444682658938 ] } },
{ "type": "Feature", "properties": { "lat": 25.747375449166142, "lon": 92.042286220699538, "date": null, "source": "Random NER background", "region": "NER (broad)", "label": 0 }, "geometry": { "type": "Point", "coordinates": [ 92.042286220699538, 25.747375449166142 ] } },
{ "type": "Feature", "properties": { "lat": 25.773080714141308, "lon": 90.605957604441045, "date": null, "source": "Random NER background", "region": "NER (broad)", "label": 0 }, "geometry": { "type": "Point", "coordinates": [ 90.605957604441045, 25.773080714141308 ] } },
{ "type": "Feature", "properties": { "lat": 28.48175787998828, "lon": 93.453610086450155, "date": null, "source": "Random NER background", "region": "NER (broad)", "label": 0 }, "geometry": { "type": "Point", "coordinates": [ 93.453610086450155, 28.48175787998828 ] } },
{ "type": "Feature", "properties": { "lat": 25.255175559444083, "lon": 92.184453582292093, "date": null, "source": "Random NER background", "region": "NER (broad)", "label": 0 }, "geometry": { "type": "Point", "coordinates": [ 92.184453582292093, 25.255175559444083 ] } },
{ "type": "Feature", "properties": { "lat": 26.002716776676515, "lon": 90.886437362501155, "date": null, "source": "Random NER background", "region": "NER (broad)", "label": 0 }, "geometry": { "type": "Point", "coordinates": [ 90.886437362501155, 26.002716776676515 ] } },
{ "type": "Feature", "properties": { "lat": 27.61554756260956, "lon": 93.760017686808141, "date": null, "source": "Random NER background", "region": "NER (broad)", "label": 0 }, "geometry": { "type": "Point", "coordinates": [ 93.760017686808141, 27.61554756260956 ] } },
{ "type": "Feature", "properties": { "lat": 25.680580281041745, "lon": 92.27988741644316, "date": null, "source": "Random NER background", "region": "NER (broad)", "label": 0 }, "geometry": { "type": "Point", "coordinates": [ 92.27988741644316, 25.680580281041745 ] } },
{ "type": "Feature", "properties": { "lat": 26.468218568577189, "lon": 93.791493666328719, "date": null, "source": "Random NER background", "region": "NER (broad)", "label": 0 }, "geometry": { "type": "Point", "coordinates": [ 93.791493666328719, 26.468218568577189 ] } },
{ "type": "Feature", "properties": { "lat": 26.250489560956503, "lon": 90.766963245794756, "date": null, "source": "Random NER background", "region": "NER (broad)", "label": 0 }, "geometry": { "type": "Point", "coordinates": [ 90.766963245794756, 26.250489560956503 ] } },
{ "type": "Feature", "properties": { "lat": 27.123900464749731, "lon": 92.313297600866917, "date": null, "source": "Random NER background", "region": "NER (broad)", "label": 0 }, "geometry": { "type": "Point", "coordinates": [ 92.313297600866917, 27.123900464749731 ] } },
{ "type": "Feature", "properties": { "lat": 27.80262421317385, "lon": 93.938051068060105, "date": null, "source": "Random NER background", "region": "NER (broad)", "label": 0 }, "geometry": { "type": "Point", "coordinates": [ 93.938051068060105, 27.80262421317385 ] } },
{ "type": "Feature", "properties": { "lat": 24.901111728833691, "lon": 93.173342597750477, "date": null, "source": "Random NER background", "region": "NER (broad)", "label": 0 }, "geometry": { "type": "Point", "coordinates": [ 93.173342597750477, 24.901111728833691 ] } },
{ "type": "Feature", "properties": { "lat": 27.491661776556988, "lon": 93.407466968531381, "date": null, "source": "Random NER background", "region": "NER (broad)", "label": 0 }, "geometry": { "type": "Point", "coordinates": [ 93.407466968531381, 27.491661776556988 ] } },
{ "type": "Feature", "properties": { "lat": 27.009423929696752, "lon": 94.64747000726932, "date": null, "source": "Random NER background", "region": "NER (broad)", "label": 0 }, "geometry": { "type": "Point", "coordinates": [ 94.64747000726932, 27.009423929696752 ] } },
{ "type": "Feature", "properties": { "lat": 28.18766891124945, "lon": 93.464391537589336, "date": null, "source": "Random NER background", "region": "NER (broad)", "label": 0 }, "geometry": { "type": "Point", "coordinates": [ 93.464391537589336, 28.18766891124945 ] } },
{ "type": "Feature", "properties": { "lat": 25.264006586013068, "lon": 94.189340149620023, "date": null, "source": "Random NER background", "region": "NER (broad)", "label": 0 }, "geometry": { "type": "Point", "coordinates": [ 94.189340149620023, 25.264006586013068 ] } },
{ "type": "Feature", "properties": { "lat": 26.18263700222284, "lon": 94.030454834813824, "date": null, "source": "Random NER background", "region": "NER (broad)", "label": 0 }, "geometry": { "type": "Point", "coordinates": [ 94.030454834813824, 26.18263700222284 ] } },
{ "type": "Feature", "properties": { "lat": 28.008528277903785, "lon": 93.225917785231943, "date": null, "source": "Random NER background", "region": "NER (broad)", "label": 0 }, "geometry": { "type": "Point", "coordinates": [ 93.225917785231943, 28.008528277903785 ] } },
{ "type": "Feature", "properties": { "lat": 24.733400456005967, "lon": 92.888664397126504, "date": null, "source": "Random NER background", "region": "NER (broad)", "label": 0 }, "geometry": { "type": "Point", "coordinates": [ 92.888664397126504, 24.733400456005967 ] } },
{ "type": "Feature", "properties": { "lat": 25.840748754857561, "lon": 91.925851922593566, "date": null, "source": "Random NER background", "region": "NER (broad)", "label": 0 }, "geometry": { "type": "Point", "coordinates": [ 91.925851922593566, 25.840748754857561 ] } },
{ "type": "Feature", "properties": { "lat": 27.551545232444589, "lon": 93.941383050377581, "date": null, "source": "Random NER background", "region": "NER (broad)", "label": 0 }, "geometry": { "type": "Point", "coordinates": [ 93.941383050377581, 27.551545232444589 ] } },
{ "type": "Feature", "properties": { "lat": 25.004928760579027, "lon": 94.633375276660644, "date": null, "source": "Random NER background", "region": "NER (broad)", "label": 0 }, "geometry": { "type": "Point", "coordinates": [ 94.633375276660644, 25.004928760579027 ] } },
{ "type": "Feature", "properties": { "lat": 26.37097333665572, "lon": 90.27332589211268, "date": null, "source": "Random NER background", "region": "NER (broad)", "label": 0 }, "geometry": { "type": "Point", "coordinates": [ 90.27332589211268, 26.37097333665572 ] } },
{ "type": "Feature", "properties": { "lat": 27.232826607934328, "lon": 92.83428414316036, "date": null, "source": "Random NER background", "region": "NER (broad)", "label": 0 }, "geometry": { "type": "Point", "coordinates": [ 92.83428414316036, 27.232826607934328 ] } },
{ "type": "Feature", "properties": { "lat": 25.910120615043759, "lon": 91.644067125847926, "date": null, "source": "Random NER background", "region": "NER (broad)", "label": 0 }, "geometry": { "type": "Point", "coordinates": [ 91.644067125847926, 25.910120615043759 ] } },
{ "type": "Feature", "properties": { "lat": 28.53461004117181, "lon": 96.208255877071593, "date": null, "source": "Random NER background", "region": "NER (broad)", "label": 0 }, "geometry": { "type": "Point", "coordinates": [ 96.208255877071593, 28.53461004117181 ] } },
{ "type": "Feature", "properties": { "lat": 25.808644621630989, "lon": 91.278677446083577, "date": null, "source": "Random NER background", "region": "NER (broad)", "label": 0 }, "geometry": { "type": "Point", "coordinates": [ 91.278677446083577, 25.808644621630989 ] } },
{ "type": "Feature", "properties": { "lat": 25.91533933656649, "lon": 93.162585598107398, "date": null, "source": "Random NER background", "region": "NER (broad)", "label": 0 }, "geometry": { "type": "Point", "coordinates": [ 93.162585598107398, 25.91533933656649 ] } },
{ "type": "Feature", "properties": { "lat": 26.074381135879207, "lon": 90.218843237550004, "date": null, "source": "Random NER background", "region": "NER (broad)", "label": 0 }, "geometry": { "type": "Point", "coordinates": [ 90.218843237550004, 26.074381135879207 ] } },
{ "type": "Feature", "properties": { "lat": 27.704355800794069, "lon": 88.414649341424365, "date": null, "source": "Random NER background", "region": "NER (broad)", "label": 0 }, "geometry": { "type": "Point", "coordinates": [ 88.414649341424365, 27.704355800794069 ] } },
{ "type": "Feature", "properties": { "lat": 27.457641212521565, "lon": 94.699664869737518, "date": null, "source": "Random NER background", "region": "NER (broad)", "label": 0 }, "geometry": { "type": "Point", "coordinates": [ 94.699664869737518, 27.457641212521565 ] } },
{ "type": "Feature", "properties": { "lat": 25.70760869446049, "lon": 92.340816707505297, "date": null, "source": "Random NER background", "region": "NER (broad)", "label": 0 }, "geometry": { "type": "Point", "coordinates": [ 92.340816707505297, 25.70760869446049 ] } },
{ "type": "Feature", "properties": { "lat": 28.318730692527144, "lon": 96.16375074959852, "date": null, "source": "Random NER background", "region": "NER (broad)", "label": 0 }, "geometry": { "type": "Point", "coordinates": [ 96.16375074959852, 28.318730692527144 ] } },
{ "type": "Feature", "properties": { "lat": 27.249739401783863, "lon": 95.214317188676461, "date": null, "source": "Random NER background", "region": "NER (broad)", "label": 0 }, "geometry": { "type": "Point", "coordinates": [ 95.214317188676461, 27.249739401783863 ] } },
{ "type": "Feature", "properties": { "lat": 27.474130933903417, "lon": 92.122728983269695, "date": null, "source": "Random NER background", "region": "NER (broad)", "label": 0 }, "geometry": { "type": "Point", "coordinates": [ 92.122728983269695, 27.474130933903417 ] } },
{ "type": "Feature", "properties": { "lat": 23.846942207721671, "lon": 91.560990352865474, "date": null, "source": "Random NER background", "region": "NER (broad)", "label": 0 }, "geometry": { "type": "Point", "coordinates": [ 91.560990352865474, 23.846942207721671 ] } },
{ "type": "Feature", "properties": { "lat": 22.664558365595187, "lon": 93.046080022413221, "date": null, "source": "Random NER background", "region": "NER (broad)", "label": 0 }, "geometry": { "type": "Point", "coordinates": [ 93.046080022413221, 22.664558365595187 ] } },
{ "type": "Feature", "properties": { "lat": 28.466716789158841, "lon": 93.887248501105447, "date": null, "source": "Random NER background", "region": "NER (broad)", "label": 0 }, "geometry": { "type": "Point", "coordinates": [ 93.887248501105447, 28.466716789158841 ] } },
{ "type": "Feature", "properties": { "lat": 28.709675388791062, "lon": 94.43730341414124, "date": null, "source": "Random NER background", "region": "NER (broad)", "label": 0 }, "geometry": { "type": "Point", "coordinates": [ 94.43730341414124, 28.709675388791062 ] } },
{ "type": "Feature", "properties": { "lat": 24.264524995544651, "lon": 93.581931198701, "date": null, "source": "Random NER background", "region": "NER (broad)", "label": 0 }, "geometry": { "type": "Point", "coordinates": [ 93.581931198701, 24.264524995544651 ] } },
{ "type": "Feature", "properties": { "lat": 26.611509618880099, "lon": 92.030934915378523, "date": null, "source": "Random NER background", "region": "NER (broad)", "label": 0 }, "geometry": { "type": "Point", "coordinates": [ 92.030934915378523, 26.611509618880099 ] } },
{ "type": "Feature", "properties": { "lat": 23.093735992871139, "lon": 91.654585865189802, "date": null, "source": "Random NER background", "region": "NER (broad)", "label": 0 }, "geometry": { "type": "Point", "coordinates": [ 91.654585865189802, 23.093735992871139 ] } },
{ "type": "Feature", "properties": { "lat": 25.36566448847373, "lon": 90.253454168311961, "date": null, "source": "Random NER background", "region": "NER (broad)", "label": 0 }, "geometry": { "type": "Point", "coordinates": [ 90.253454168311961, 25.36566448847373 ] } },
{ "type": "Feature", "properties": { "lat": 26.07538153880591, "lon": 93.460713336697125, "date": null, "source": "Random NER background", "region": "NER (broad)", "label": 0 }, "geometry": { "type": "Point", "coordinates": [ 93.460713336697125, 26.07538153880591 ] } },
{ "type": "Feature", "properties": { "lat": 23.695843041425821, "lon": 93.376325661079136, "date": null, "source": "Random NER background", "region": "NER (broad)", "label": 0 }, "geometry": { "type": "Point", "coordinates": [ 93.376325661079136, 23.695843041425821 ] } },
{ "type": "Feature", "properties": { "lat": 26.986395941872097, "lon": 95.074353991070595, "date": null, "source": "Random NER background", "region": "NER (broad)", "label": 0 }, "geometry": { "type": "Point", "coordinates": [ 95.074353991070595, 26.986395941872097 ] } },
{ "type": "Feature", "properties": { "lat": 26.356519985314129, "lon": 91.347049080435525, "date": null, "source": "Random NER background", "region": "NER (broad)", "label": 0 }, "geometry": { "type": "Point", "coordinates": [ 91.347049080435525, 26.356519985314129 ] } },
{ "type": "Feature", "properties": { "lat": 26.592943024047131, "lon": 93.898466049737877, "date": null, "source": "Random NER background", "region": "NER (broad)", "label": 0 }, "geometry": { "type": "Point", "coordinates": [ 93.898466049737877, 26.592943024047131 ] } },
{ "type": "Feature", "properties": { "lat": 26.92211566898688, "lon": 94.848819578371717, "date": null, "source": "Random NER background", "region": "NER (broad)", "label": 0 }, "geometry": { "type": "Point", "coordinates": [ 94.848819578371717, 26.92211566898688 ] } },
{ "type": "Feature", "properties": { "lat": 26.670724871124182, "lon": 90.934862397550035, "date": null, "source": "Random NER background", "region": "NER (broad)", "label": 0 }, "geometry": { "type": "Point", "coordinates": [ 90.934862397550035, 26.670724871124182 ] } },
{ "type": "Feature", "properties": { "lat": 27.358878143513905, "lon": 88.85626706958908, "date": null, "source": "Random NER background", "region": "NER (broad)", "label": 0 }, "geometry": { "type": "Point", "coordinates": [ 88.85626706958908, 27.358878143513905 ] } },
{ "type": "Feature", "properties": { "lat": 27.951907950350133, "lon": 95.092313831811921, "date": null, "source": "Random NER background", "region": "NER (broad)", "label": 0 }, "geometry": { "type": "Point", "coordinates": [ 95.092313831811921, 27.951907950350133 ] } },
{ "type": "Feature", "properties": { "lat": 29.232001675702016, "lon": 96.171335670538795, "date": null, "source": "Random NER background", "region": "NER (broad)", "label": 0 }, "geometry": { "type": "Point", "coordinates": [ 96.171335670538795, 29.232001675702016 ] } },
{ "type": "Feature", "properties": { "lat": 29.23815797840026, "lon": 95.643582618195339, "date": null, "source": "Random NER background", "region": "NER (broad)", "label": 0 }, "geometry": { "type": "Point", "coordinates": [ 95.643582618195339, 29.23815797840026 ] } },
{ "type": "Feature", "properties": { "lat": 26.878726378808103, "lon": 93.553320870695558, "date": null, "source": "Random NER background", "region": "NER (broad)", "label": 0 }, "geometry": { "type": "Point", "coordinates": [ 93.553320870695558, 26.878726378808103 ] } },
{ "type": "Feature", "properties": { "lat": 28.079338409814195, "lon": 96.932772971905763, "date": null, "source": "Random NER background", "region": "NER (broad)", "label": 0 }, "geometry": { "type": "Point", "coordinates": [ 96.932772971905763, 28.079338409814195 ] } },
{ "type": "Feature", "properties": { "lat": 28.090842811123579, "lon": 96.639182565064957, "date": null, "source": "Random NER background", "region": "NER (broad)", "label": 0 }, "geometry": { "type": "Point", "coordinates": [ 96.639182565064957, 28.090842811123579 ] } },
{ "type": "Feature", "properties": { "lat": 23.917521396234001, "lon": 91.878810630056421, "date": null, "source": "Random NER background", "region": "NER (broad)", "label": 0 }, "geometry": { "type": "Point", "coordinates": [ 91.878810630056421, 23.917521396234001 ] } },
{ "type": "Feature", "properties": { "lat": 23.93491667484804, "lon": 92.679933880292964, "date": null, "source": "Random NER background", "region": "NER (broad)", "label": 0 }, "geometry": { "type": "Point", "coordinates": [ 92.679933880292964, 23.93491667484804 ] } },
{ "type": "Feature", "properties": { "lat": 26.86388975080137, "lon": 95.059831154470118, "date": null, "source": "Random NER background", "region": "NER (broad)", "label": 0 }, "geometry": { "type": "Point", "coordinates": [ 95.059831154470118, 26.86388975080137 ] } },
{ "type": "Feature", "properties": { "lat": 24.464239669875479, "lon": 92.212139317576685, "date": null, "source": "Random NER background", "region": "NER (broad)", "label": 0 }, "geometry": { "type": "Point", "coordinates": [ 92.212139317576685, 24.464239669875479 ] } },
{ "type": "Feature", "properties": { "lat": 29.10444135881141, "lon": 96.126776836406563, "date": null, "source": "Random NER background", "region": "NER (broad)", "label": 0 }, "geometry": { "type": "Point", "coordinates": [ 96.126776836406563, 29.10444135881141 ] } },
{ "type": "Feature", "properties": { "lat": 26.802149904495824, "lon": 94.096192438715562, "date": null, "source": "Random NER background", "region": "NER (broad)", "label": 0 }, "geometry": { "type": "Point", "coordinates": [ 94.096192438715562, 26.802149904495824 ] } },
{ "type": "Feature", "properties": { "lat": 27.4337444556332, "lon": 92.997812502679736, "date": null, "source": "Random NER background", "region": "NER (broad)", "label": 0 }, "geometry": { "type": "Point", "coordinates": [ 92.997812502679736, 27.4337444556332 ] } },
{ "type": "Feature", "properties": { "lat": 27.465322200271967, "lon": 92.524336671520885, "date": null, "source": "Random NER background", "region": "NER (broad)", "label": 0 }, "geometry": { "type": "Point", "coordinates": [ 92.524336671520885, 27.465322200271967 ] } },
{ "type": "Feature", "properties": { "lat": 27.724136314513625, "lon": 92.875760597287325, "date": null, "source": "Random NER background", "region": "NER (broad)", "label": 0 }, "geometry": { "type": "Point", "coordinates": [ 92.875760597287325, 27.724136314513625 ] } },
{ "type": "Feature", "properties": { "lat": 22.372432080030759, "lon": 92.786467552965306, "date": null, "source": "Random NER background", "region": "NER (broad)", "label": 0 }, "geometry": { "type": "Point", "coordinates": [ 92.786467552965306, 22.372432080030759 ] } },
{ "type": "Feature", "properties": { "lat": 27.765815967843039, "lon": 96.236318623718461, "date": null, "source": "Random NER background", "region": "NER (broad)", "label": 0 }, "geometry": { "type": "Point", "coordinates": [ 96.236318623718461, 27.765815967843039 ] } },
{ "type": "Feature", "properties": { "lat": 25.67160971770468, "lon": 92.351403959927978, "date": null, "source": "Random NER background", "region": "NER (broad)", "label": 0 }, "geometry": { "type": "Point", "coordinates": [ 92.351403959927978, 25.67160971770468 ] } },
{ "type": "Feature", "properties": { "lat": 25.331855287986905, "lon": 91.81536391786932, "date": null, "source": "Random NER background", "region": "NER (broad)", "label": 0 }, "geometry": { "type": "Point", "coordinates": [ 91.81536391786932, 25.331855287986905 ] } },
{ "type": "Feature", "properties": { "lat": 26.564613794408125, "lon": 93.209386123459424, "date": null, "source": "Random NER background", "region": "NER (broad)", "label": 0 }, "geometry": { "type": "Point", "coordinates": [ 93.209386123459424, 26.564613794408125 ] } },
{ "type": "Feature", "properties": { "lat": 25.7444546994506, "lon": 92.31029646696696, "date": null, "source": "Random NER background", "region": "NER (broad)", "label": 0 }, "geometry": { "type": "Point", "coordinates": [ 92.31029646696696, 25.7444546994506 ] } },
{ "type": "Feature", "properties": { "lat": 26.707333319050441, "lon": 95.305145935995, "date": null, "source": "Random NER background", "region": "NER (broad)", "label": 0 }, "geometry": { "type": "Point", "coordinates": [ 95.305145935995, 26.707333319050441 ] } },
{ "type": "Feature", "properties": { "lat": 24.211452950681402, "lon": 92.308239577620753, "date": null, "source": "Random NER background", "region": "NER (broad)", "label": 0 }, "geometry": { "type": "Point", "coordinates": [ 92.308239577620753, 24.211452950681402 ] } },
{ "type": "Feature", "properties": { "lat": 24.914112050087663, "lon": 94.318524699072938, "date": null, "source": "Random NER background", "region": "NER (broad)", "label": 0 }, "geometry": { "type": "Point", "coordinates": [ 94.318524699072938, 24.914112050087663 ] } },
{ "type": "Feature", "properties": { "lat": 27.994154282219139, "lon": 93.28552198834582, "date": null, "source": "Random NER background", "region": "NER (broad)", "label": 0 }, "geometry": { "type": "Point", "coordinates": [ 93.28552198834582, 27.994154282219139 ] } },
{ "type": "Feature", "properties": { "lat": 26.191720661915816, "lon": 93.335070932924694, "date": null, "source": "Random NER background", "region": "NER (broad)", "label": 0 }, "geometry": { "type": "Point", "coordinates": [ 93.335070932924694, 26.191720661915816 ] } },
{ "type": "Feature", "properties": { "lat": 27.502274002011827, "lon": 96.246875414256124, "date": null, "source": "Random NER background", "region": "NER (broad)", "label": 0 }, "geometry": { "type": "Point", "coordinates": [ 96.246875414256124, 27.502274002011827 ] } },
{ "type": "Feature", "properties": { "lat": 26.303280729797411, "lon": 91.340638764084915, "date": null, "source": "Random NER background", "region": "NER (broad)", "label": 0 }, "geometry": { "type": "Point", "coordinates": [ 91.340638764084915, 26.303280729797411 ] } },
{ "type": "Feature", "properties": { "lat": 26.12334814711884, "lon": 90.021018653884056, "date": null, "source": "Random NER background", "region": "NER (broad)", "label": 0 }, "geometry": { "type": "Point", "coordinates": [ 90.021018653884056, 26.12334814711884 ] } },
{ "type": "Feature", "properties": { "lat": 28.261241290626863, "lon": 97.258192720194245, "date": null, "source": "Random NER background", "region": "NER (broad)", "label": 0 }, "geometry": { "type": "Point", "coordinates": [ 97.258192720194245, 28.261241290626863 ] } },
{ "type": "Feature", "properties": { "lat": 28.047414876325355, "lon": 93.828946165086919, "date": null, "source": "Random NER background", "region": "NER (broad)", "label": 0 }, "geometry": { "type": "Point", "coordinates": [ 93.828946165086919, 28.047414876325355 ] } },
{ "type": "Feature", "properties": { "lat": 28.932674327959489, "lon": 95.8798775046168, "date": null, "source": "Random NER background", "region": "NER (broad)", "label": 0 }, "geometry": { "type": "Point", "coordinates": [ 95.8798775046168, 28.932674327959489 ] } },
{ "type": "Feature", "properties": { "lat": 28.458901652291505, "lon": 93.380050400233074, "date": null, "source": "Random NER background", "region": "NER (broad)", "label": 0 }, "geometry": { "type": "Point", "coordinates": [ 93.380050400233074, 28.458901652291505 ] } },
{ "type": "Feature", "properties": { "lat": 27.71468495973393, "lon": 93.392138787836757, "date": null, "source": "Random NER background", "region": "NER (broad)", "label": 0 }, "geometry": { "type": "Point", "coordinates": [ 93.392138787836757, 27.71468495973393 ] } },
{ "type": "Feature", "properties": { "lat": 26.795509542466089, "lon": 92.61378619646446, "date": null, "source": "Random NER background", "region": "NER (broad)", "label": 0 }, "geometry": { "type": "Point", "coordinates": [ 92.61378619646446, 26.795509542466089 ] } },
{ "type": "Feature", "properties": { "lat": 26.927890038081063, "lon": 92.623011156960402, "date": null, "source": "Random NER background", "region": "NER (broad)", "label": 0 }, "geometry": { "type": "Point", "coordinates": [ 92.623011156960402, 26.927890038081063 ] } },
{ "type": "Feature", "properties": { "lat": 24.662107168701031, "lon": 93.693587090972287, "date": null, "source": "Random NER background", "region": "NER (broad)", "label": 0 }, "geometry": { "type": "Point", "coordinates": [ 93.693587090972287, 24.662107168701031 ] } },
{ "type": "Feature", "properties": { "lat": 27.129370107061309, "lon": 92.752492292284018, "date": null, "source": "Random NER background", "region": "NER (broad)", "label": 0 }, "geometry": { "type": "Point", "coordinates": [ 92.752492292284018, 27.129370107061309 ] } },
{ "type": "Feature", "properties": { "lat": 28.166833619359025, "lon": 95.65890177238424, "date": null, "source": "Random NER background", "region": "NER (broad)", "label": 0 }, "geometry": { "type": "Point", "coordinates": [ 95.65890177238424, 28.166833619359025 ] } },
{ "type": "Feature", "properties": { "lat": 28.8692994760193, "lon": 96.19004512931464, "date": null, "source": "Random NER background", "region": "NER (broad)", "label": 0 }, "geometry": { "type": "Point", "coordinates": [ 96.19004512931464, 28.8692994760193 ] } },
{ "type": "Feature", "properties": { "lat": 26.106073285894649, "lon": 93.447296968415515, "date": null, "source": "Random NER background", "region": "NER (broad)", "label": 0 }, "geometry": { "type": "Point", "coordinates": [ 93.447296968415515, 26.106073285894649 ] } },
{ "type": "Feature", "properties": { "lat": 26.210970306423292, "lon": 92.977644158505996, "date": null, "source": "Random NER background", "region": "NER (broad)", "label": 0 }, "geometry": { "type": "Point", "coordinates": [ 92.977644158505996, 26.210970306423292 ] } },
{ "type": "Feature", "properties": { "lat": 22.845061664365488, "lon": 92.849591203150396, "date": null, "source": "Random NER background", "region": "NER (broad)", "label": 0 }, "geometry": { "type": "Point", "coordinates": [ 92.849591203150396, 22.845061664365488 ] } },
{ "type": "Feature", "properties": { "lat": 22.412213118708426, "lon": 92.844544592068246, "date": null, "source": "Random NER background", "region": "NER (broad)", "label": 0 }, "geometry": { "type": "Point", "coordinates": [ 92.844544592068246, 22.412213118708426 ] } },
{ "type": "Feature", "properties": { "lat": 27.319032845391234, "lon": 95.780011714486093, "date": null, "source": "Random NER background", "region": "NER (broad)", "label": 0 }, "geometry": { "type": "Point", "coordinates": [ 95.780011714486093, 27.319032845391234 ] } },
{ "type": "Feature", "properties": { "lat": 27.682784713980482, "lon": 92.694111737665196, "date": null, "source": "Random NER background", "region": "NER (broad)", "label": 0 }, "geometry": { "type": "Point", "coordinates": [ 92.694111737665196, 27.682784713980482 ] } },
{ "type": "Feature", "properties": { "lat": 27.535566601975887, "lon": 95.218832921273616, "date": null, "source": "Random NER background", "region": "NER (broad)", "label": 0 }, "geometry": { "type": "Point", "coordinates": [ 95.218832921273616, 27.535566601975887 ] } },
{ "type": "Feature", "properties": { "lat": 26.015934267222395, "lon": 94.035334031075635, "date": null, "source": "Random NER background", "region": "NER (broad)", "label": 0 }, "geometry": { "type": "Point", "coordinates": [ 94.035334031075635, 26.015934267222395 ] } },
{ "type": "Feature", "properties": { "lat": 23.983262804850487, "lon": 92.293181705156485, "date": null, "source": "Random NER background", "region": "NER (broad)", "label": 0 }, "geometry": { "type": "Point", "coordinates": [ 92.293181705156485, 23.983262804850487 ] } },
{ "type": "Feature", "properties": { "lat": 28.342346971648723, "lon": 93.842579689947954, "date": null, "source": "Random NER background", "region": "NER (broad)", "label": 0 }, "geometry": { "type": "Point", "coordinates": [ 93.842579689947954, 28.342346971648723 ] } },
{ "type": "Feature", "properties": { "lat": 25.556542538671643, "lon": 92.395760759809093, "date": null, "source": "Random NER background", "region": "NER (broad)", "label": 0 }, "geometry": { "type": "Point", "coordinates": [ 92.395760759809093, 25.556542538671643 ] } },
{ "type": "Feature", "properties": { "lat": 24.072214103043429, "lon": 92.518475765459158, "date": null, "source": "Random NER background", "region": "NER (broad)", "label": 0 }, "geometry": { "type": "Point", "coordinates": [ 92.518475765459158, 24.072214103043429 ] } },
{ "type": "Feature", "properties": { "lat": 25.015374334101001, "lon": 92.966106335022687, "date": null, "source": "Random NER background", "region": "NER (broad)", "label": 0 }, "geometry": { "type": "Point", "coordinates": [ 92.966106335022687, 25.015374334101001 ] } },
{ "type": "Feature", "properties": { "lat": 23.763148628915346, "lon": 91.883309273849562, "date": null, "source": "Random NER background", "region": "NER (broad)", "label": 0 }, "geometry": { "type": "Point", "coordinates": [ 91.883309273849562, 23.763148628915346 ] } },
{ "type": "Feature", "properties": { "lat": 24.206937174731362, "lon": 93.679915692638403, "date": null, "source": "Random NER background", "region": "NER (broad)", "label": 0 }, "geometry": { "type": "Point", "coordinates": [ 93.679915692638403, 24.206937174731362 ] } },
{ "type": "Feature", "properties": { "lat": 27.813815452509321, "lon": 94.149400891208415, "date": null, "source": "Random NER background", "region": "NER (broad)", "label": 0 }, "geometry": { "type": "Point", "coordinates": [ 94.149400891208415, 27.813815452509321 ] } },
{ "type": "Feature", "properties": { "lat": 27.289869240019691, "lon": 94.237358820899544, "date": null, "source": "Random NER background", "region": "NER (broad)", "label": 0 }, "geometry": { "type": "Point", "coordinates": [ 94.237358820899544, 27.289869240019691 ] } },
{ "type": "Feature", "properties": { "lat": 28.750741577309419, "lon": 96.296156789575122, "date": null, "source": "Random NER background", "region": "NER (broad)", "label": 0 }, "geometry": { "type": "Point", "coordinates": [ 96.296156789575122, 28.750741577309419 ] } },
{ "type": "Feature", "properties": { "lat": 24.166896288484448, "lon": 93.536025388571005, "date": null, "source": "Random NER background", "region": "NER (broad)", "label": 0 }, "geometry": { "type": "Point", "coordinates": [ 93.536025388571005, 24.166896288484448 ] } },
{ "type": "Feature", "properties": { "lat": 29.241572061541959, "lon": 94.635559646712863, "date": null, "source": "Random NER background", "region": "NER (broad)", "label": 0 }, "geometry": { "type": "Point", "coordinates": [ 94.635559646712863, 29.241572061541959 ] } },
{ "type": "Feature", "properties": { "lat": 24.635663874682884, "lon": 93.65289166743996, "date": null, "source": "Random NER background", "region": "NER (broad)", "label": 0 }, "geometry": { "type": "Point", "coordinates": [ 93.65289166743996, 24.635663874682884 ] } },
{ "type": "Feature", "properties": { "lat": 28.00547827051841, "lon": 94.366105799949864, "date": null, "source": "Random NER background", "region": "NER (broad)", "label": 0 }, "geometry": { "type": "Point", "coordinates": [ 94.366105799949864, 28.00547827051841 ] } },
{ "type": "Feature", "properties": { "lat": 28.131671783155721, "lon": 95.018359385230085, "date": null, "source": "Random NER background", "region": "NER (broad)", "label": 0 }, "geometry": { "type": "Point", "coordinates": [ 95.018359385230085, 28.131671783155721 ] } },
{ "type": "Feature", "properties": { "lat": 26.983315522220611, "lon": 93.000736727474646, "date": null, "source": "Random NER background", "region": "NER (broad)", "label": 0 }, "geometry": { "type": "Point", "coordinates": [ 93.000736727474646, 26.983315522220611 ] } },
{ "type": "Feature", "properties": { "lat": 26.668198565867904, "lon": 92.022360480060001, "date": null, "source": "Random NER background", "region": "NER (broad)", "label": 0 }, "geometry": { "type": "Point", "coordinates": [ 92.022360480060001, 26.668198565867904 ] } },
{ "type": "Feature", "properties": { "lat": 28.180958613076449, "lon": 96.394980572179335, "date": null, "source": "Random NER background", "region": "NER (broad)", "label": 0 }, "geometry": { "type": "Point", "coordinates": [ 96.394980572179335, 28.180958613076449 ] } },
{ "type": "Feature", "properties": { "lat": 28.150760453513005, "lon": 95.325429230444399, "date": null, "source": "Random NER background", "region": "NER (broad)", "label": 0 }, "geometry": { "type": "Point", "coordinates": [ 95.325429230444399, 28.150760453513005 ] } },
{ "type": "Feature", "properties": { "lat": 27.488292144763491, "lon": 92.264815648816736, "date": null, "source": "Random NER background", "region": "NER (broad)", "label": 0 }, "geometry": { "type": "Point", "coordinates": [ 92.264815648816736, 27.488292144763491 ] } },
{ "type": "Feature", "properties": { "lat": 25.772089197586091, "lon": 90.939945017346503, "date": null, "source": "Random NER background", "region": "NER (broad)", "label": 0 }, "geometry": { "type": "Point", "coordinates": [ 90.939945017346503, 25.772089197586091 ] } },
{ "type": "Feature", "properties": { "lat": 25.193439827527914, "lon": 90.676831460685861, "date": null, "source": "Random NER background", "region": "NER (broad)", "label": 0 }, "geometry": { "type": "Point", "coordinates": [ 90.676831460685861, 25.193439827527914 ] } },
{ "type": "Feature", "properties": { "lat": 24.554979473525684, "lon": 93.010867990384085, "date": null, "source": "Random NER background", "region": "NER (broad)", "label": 0 }, "geometry": { "type": "Point", "coordinates": [ 93.010867990384085, 24.554979473525684 ] } },
{ "type": "Feature", "properties": { "lat": 29.230145225647579, "lon": 95.760466776021801, "date": null, "source": "Random NER background", "region": "NER (broad)", "label": 0 }, "geometry": { "type": "Point", "coordinates": [ 95.760466776021801, 29.230145225647579 ] } },
{ "type": "Feature", "properties": { "lat": 28.492935560417891, "lon": 93.268137081532103, "date": null, "source": "Random NER background", "region": "NER (broad)", "label": 0 }, "geometry": { "type": "Point", "coordinates": [ 93.268137081532103, 28.492935560417891 ] } },
{ "type": "Feature", "properties": { "lat": 28.946607237999626, "lon": 95.972174732310236, "date": null, "source": "Random NER background", "region": "NER (broad)", "label": 0 }, "geometry": { "type": "Point", "coordinates": [ 95.972174732310236, 28.946607237999626 ] } },
{ "type": "Feature", "properties": { "lat": 28.13809266522258, "lon": 94.612683891471846, "date": null, "source": "Random NER background", "region": "NER (broad)", "label": 0 }, "geometry": { "type": "Point", "coordinates": [ 94.612683891471846, 28.13809266522258 ] } },
{ "type": "Feature", "properties": { "lat": 28.179704794259049, "lon": 93.213640331716434, "date": null, "source": "Random NER background", "region": "NER (broad)", "label": 0 }, "geometry": { "type": "Point", "coordinates": [ 93.213640331716434, 28.179704794259049 ] } },
{ "type": "Feature", "properties": { "lat": 25.708475562577359, "lon": 92.819613117507956, "date": null, "source": "Random NER background", "region": "NER (broad)", "label": 0 }, "geometry": { "type": "Point", "coordinates": [ 92.819613117507956, 25.708475562577359 ] } },
{ "type": "Feature", "properties": { "lat": 24.62362986048052, "lon": 92.466283242505597, "date": null, "source": "Random NER background", "region": "NER (broad)", "label": 0 }, "geometry": { "type": "Point", "coordinates": [ 92.466283242505597, 24.62362986048052 ] } },
{ "type": "Feature", "properties": { "lat": 27.363528171605129, "lon": 93.968441143518717, "date": null, "source": "Random NER background", "region": "NER (broad)", "label": 0 }, "geometry": { "type": "Point", "coordinates": [ 93.968441143518717, 27.363528171605129 ] } },
{ "type": "Feature", "properties": { "lat": 27.672010992878874, "lon": 94.984276355716958, "date": null, "source": "Random NER background", "region": "NER (broad)", "label": 0 }, "geometry": { "type": "Point", "coordinates": [ 94.984276355716958, 27.672010992878874 ] } },
{ "type": "Feature", "properties": { "lat": 25.844245581233487, "lon": 90.40648076942486, "date": null, "source": "Random NER background", "region": "NER (broad)", "label": 0 }, "geometry": { "type": "Point", "coordinates": [ 90.40648076942486, 25.844245581233487 ] } },
{ "type": "Feature", "properties": { "lat": 28.615892136098253, "lon": 95.061423202436401, "date": null, "source": "Random NER background", "region": "NER (broad)", "label": 0 }, "geometry": { "type": "Point", "coordinates": [ 95.061423202436401, 28.615892136098253 ] } },
{ "type": "Feature", "properties": { "lat": 27.316650594741084, "lon": 88.749806557526938, "date": null, "source": "Random NER background", "region": "NER (broad)", "label": 0 }, "geometry": { "type": "Point", "coordinates": [ 88.749806557526938, 27.316650594741084 ] } },
{ "type": "Feature", "properties": { "lat": 25.863795178757091, "lon": 91.051508568038642, "date": null, "source": "Random NER background", "region": "NER (broad)", "label": 0 }, "geometry": { "type": "Point", "coordinates": [ 91.051508568038642, 25.863795178757091 ] } },
{ "type": "Feature", "properties": { "lat": 24.908928583064363, "lon": 94.552765680232113, "date": null, "source": "Random NER background", "region": "NER (broad)", "label": 0 }, "geometry": { "type": "Point", "coordinates": [ 94.552765680232113, 24.908928583064363 ] } },
{ "type": "Feature", "properties": { "lat": 27.750495757947728, "lon": 88.330590175086144, "date": null, "source": "Random NER background", "region": "NER (broad)", "label": 0 }, "geometry": { "type": "Point", "coordinates": [ 88.330590175086144, 27.750495757947728 ] } },
{ "type": "Feature", "properties": { "lat": 26.037957133792961, "lon": 93.748400874120463, "date": null, "source": "Random NER background", "region": "NER (broad)", "label": 0 }, "geometry": { "type": "Point", "coordinates": [ 93.748400874120463, 26.037957133792961 ] } },
{ "type": "Feature", "properties": { "lat": 26.091374226671164, "lon": 93.029868874594754, "date": null, "source": "Random NER background", "region": "NER (broad)", "label": 0 }, "geometry": { "type": "Point", "coordinates": [ 93.029868874594754, 26.091374226671164 ] } },
{ "type": "Feature", "properties": { "lat": 24.684272367619599, "lon": 94.170826998707298, "date": null, "source": "Random NER background", "region": "NER (broad)", "label": 0 }, "geometry": { "type": "Point", "coordinates": [ 94.170826998707298, 24.684272367619599 ] } },
{ "type": "Feature", "properties": { "lat": 27.385398875835421, "lon": 92.740917622436442, "date": null, "source": "Random NER background", "region": "NER (broad)", "label": 0 }, "geometry": { "type": "Point", "coordinates": [ 92.740917622436442, 27.385398875835421 ] } },
{ "type": "Feature", "properties": { "lat": 24.595899040314109, "lon": 93.335890752216642, "date": null, "source": "Random NER background", "region": "NER (broad)", "label": 0 }, "geometry": { "type": "Point", "coordinates": [ 93.335890752216642, 24.595899040314109 ] } },
{ "type": "Feature", "properties": { "lat": 28.310896406025009, "lon": 94.762186488068522, "date": null, "source": "Random NER background", "region": "NER (broad)", "label": 0 }, "geometry": { "type": "Point", "coordinates": [ 94.762186488068522, 28.310896406025009 ] } },
{ "type": "Feature", "properties": { "lat": 27.849571070760021, "lon": 92.833179579155839, "date": null, "source": "Random NER background", "region": "NER (broad)", "label": 0 }, "geometry": { "type": "Point", "coordinates": [ 92.833179579155839, 27.849571070760021 ] } },
{ "type": "Feature", "properties": { "lat": 25.913175471411421, "lon": 93.813509444894962, "date": null, "source": "Random NER background", "region": "NER (broad)", "label": 0 }, "geometry": { "type": "Point", "coordinates": [ 93.813509444894962, 25.913175471411421 ] } },
{ "type": "Feature", "properties": { "lat": 25.099795965303969, "lon": 94.461035411171039, "date": null, "source": "Random NER background", "region": "NER (broad)", "label": 0 }, "geometry": { "type": "Point", "coordinates": [ 94.461035411171039, 25.099795965303969 ] } },
{ "type": "Feature", "properties": { "lat": 27.742103430706468, "lon": 94.078042328983301, "date": null, "source": "Random NER background", "region": "NER (broad)", "label": 0 }, "geometry": { "type": "Point", "coordinates": [ 94.078042328983301, 27.742103430706468 ] } },
{ "type": "Feature", "properties": { "lat": 28.659407334569, "lon": 96.036370208480719, "date": null, "source": "Random NER background", "region": "NER (broad)", "label": 0 }, "geometry": { "type": "Point", "coordinates": [ 96.036370208480719, 28.659407334569 ] } },
{ "type": "Feature", "properties": { "lat": 23.922596848871009, "lon": 93.068041282799598, "date": null, "source": "Random NER background", "region": "NER (broad)", "label": 0 }, "geometry": { "type": "Point", "coordinates": [ 93.068041282799598, 23.922596848871009 ] } },
{ "type": "Feature", "properties": { "lat": 26.769862987070034, "lon": 94.846011300154075, "date": null, "source": "Random NER background", "region": "NER (broad)", "label": 0 }, "geometry": { "type": "Point", "coordinates": [ 94.846011300154075, 26.769862987070034 ] } },
{ "type": "Feature", "properties": { "lat": 26.631629870594882, "lon": 93.479326699035099, "date": null, "source": "Random NER background", "region": "NER (broad)", "label": 0 }, "geometry": { "type": "Point", "coordinates": [ 93.479326699035099, 26.631629870594882 ] } },
{ "type": "Feature", "properties": { "lat": 26.709039819884801, "lon": 95.286110508704965, "date": null, "source": "Random NER background", "region": "NER (broad)", "label": 0 }, "geometry": { "type": "Point", "coordinates": [ 95.286110508704965, 26.709039819884801 ] } },
{ "type": "Feature", "properties": { "lat": 24.832694269305968, "lon": 94.070416325984283, "date": null, "source": "Random NER background", "region": "NER (broad)", "label": 0 }, "geometry": { "type": "Point", "coordinates": [ 94.070416325984283, 24.832694269305968 ] } },
{ "type": "Feature", "properties": { "lat": 25.016843999363289, "lon": 92.600385736019916, "date": null, "source": "Random NER background", "region": "NER (broad)", "label": 0 }, "geometry": { "type": "Point", "coordinates": [ 92.600385736019916, 25.016843999363289 ] } },
{ "type": "Feature", "properties": { "lat": 27.373598038436374, "lon": 96.177384974666097, "date": null, "source": "Random NER background", "region": "NER (broad)", "label": 0 }, "geometry": { "type": "Point", "coordinates": [ 96.177384974666097, 27.373598038436374 ] } },
{ "type": "Feature", "properties": { "lat": 24.464321584402331, "lon": 93.335686549609505, "date": null, "source": "Random NER background", "region": "NER (broad)", "label": 0 }, "geometry": { "type": "Point", "coordinates": [ 93.335686549609505, 24.464321584402331 ] } },
{ "type": "Feature", "properties": { "lat": 24.052927091225257, "lon": 92.431489386886042, "date": null, "source": "Random NER background", "region": "NER (broad)", "label": 0 }, "geometry": { "type": "Point", "coordinates": [ 92.431489386886042, 24.052927091225257 ] } },
{ "type": "Feature", "properties": { "lat": 24.57319866801285, "lon": 93.846085719557706, "date": null, "source": "Random NER background", "region": "NER (broad)", "label": 0 }, "geometry": { "type": "Point", "coordinates": [ 93.846085719557706, 24.57319866801285 ] } },
{ "type": "Feature", "properties": { "lat": 26.121496303148771, "lon": 90.970791748191601, "date": null, "source": "Random NER background", "region": "NER (broad)", "label": 0 }, "geometry": { "type": "Point", "coordinates": [ 90.970791748191601, 26.121496303148771 ] } },
{ "type": "Feature", "properties": { "lat": 27.604971001109028, "lon": 92.733522649569139, "date": null, "source": "Random NER background", "region": "NER (broad)", "label": 0 }, "geometry": { "type": "Point", "coordinates": [ 92.733522649569139, 27.604971001109028 ] } },
{ "type": "Feature", "properties": { "lat": 26.734080295116936, "lon": 92.470575106997856, "date": null, "source": "Random NER background", "region": "NER (broad)", "label": 0 }, "geometry": { "type": "Point", "coordinates": [ 92.470575106997856, 26.734080295116936 ] } },
{ "type": "Feature", "properties": { "lat": 27.320064506875131, "lon": 95.2566392595389, "date": null, "source": "Random NER background", "region": "NER (broad)", "label": 0 }, "geometry": { "type": "Point", "coordinates": [ 95.2566392595389, 27.320064506875131 ] } },
{ "type": "Feature", "properties": { "lat": 26.062253151048235, "lon": 89.849225367933329, "date": null, "source": "Random NER background", "region": "NER (broad)", "label": 0 }, "geometry": { "type": "Point", "coordinates": [ 89.849225367933329, 26.062253151048235 ] } },
{ "type": "Feature", "properties": { "lat": 29.011588535643003, "lon": 95.172169136781562, "date": null, "source": "Random NER background", "region": "NER (broad)", "label": 0 }, "geometry": { "type": "Point", "coordinates": [ 95.172169136781562, 29.011588535643003 ] } },
{ "type": "Feature", "properties": { "lat": 23.0924630524196, "lon": 92.836663904139243, "date": null, "source": "Random NER background", "region": "NER (broad)", "label": 0 }, "geometry": { "type": "Point", "coordinates": [ 92.836663904139243, 23.0924630524196 ] } },
{ "type": "Feature", "properties": { "lat": 25.28995320316152, "lon": 92.341391313187302, "date": null, "source": "Random NER background", "region": "NER (broad)", "label": 0 }, "geometry": { "type": "Point", "coordinates": [ 92.341391313187302, 25.28995320316152 ] } },
{ "type": "Feature", "properties": { "lat": 26.350084179230432, "lon": 92.897304455398924, "date": null, "source": "Random NER background", "region": "NER (broad)", "label": 0 }, "geometry": { "type": "Point", "coordinates": [ 92.897304455398924, 26.350084179230432 ] } },
{ "type": "Feature", "properties": { "lat": 24.123726781092209, "lon": 93.824147150114442, "date": null, "source": "Random NER background", "region": "NER (broad)", "label": 0 }, "geometry": { "type": "Point", "coordinates": [ 93.824147150114442, 24.123726781092209 ] } },
{ "type": "Feature", "properties": { "lat": 25.758718639007011, "lon": 94.733028161136659, "date": null, "source": "Random NER background", "region": "NER (broad)", "label": 0 }, "geometry": { "type": "Point", "coordinates": [ 94.733028161136659, 25.758718639007011 ] } },
{ "type": "Feature", "properties": { "lat": 24.44686247892616, "lon": 94.401160728493664, "date": null, "source": "Random NER background", "region": "NER (broad)", "label": 0 }, "geometry": { "type": "Point", "coordinates": [ 94.401160728493664, 24.44686247892616 ] } },
{ "type": "Feature", "properties": { "lat": 27.874038511441171, "lon": 94.89058001924262, "date": null, "source": "Random NER background", "region": "NER (broad)", "label": 0 }, "geometry": { "type": "Point", "coordinates": [ 94.89058001924262, 27.874038511441171 ] } },
{ "type": "Feature", "properties": { "lat": 27.763231931451369, "lon": 95.373539239134686, "date": null, "source": "Random NER background", "region": "NER (broad)", "label": 0 }, "geometry": { "type": "Point", "coordinates": [ 95.373539239134686, 27.763231931451369 ] } },
{ "type": "Feature", "properties": { "lat": 26.532201929162909, "lon": 93.887490152260355, "date": null, "source": "Random NER background", "region": "NER (broad)", "label": 0 }, "geometry": { "type": "Point", "coordinates": [ 93.887490152260355, 26.532201929162909 ] } },
{ "type": "Feature", "properties": { "lat": 28.864167599177684, "lon": 96.291768234667046, "date": null, "source": "Random NER background", "region": "NER (broad)", "label": 0 }, "geometry": { "type": "Point", "coordinates": [ 96.291768234667046, 28.864167599177684 ] } },
{ "type": "Feature", "properties": { "lat": 25.703817211200281, "lon": 90.980649688009279, "date": null, "source": "Random NER background", "region": "NER (broad)", "label": 0 }, "geometry": { "type": "Point", "coordinates": [ 90.980649688009279, 25.703817211200281 ] } },
{ "type": "Feature", "properties": { "lat": 27.675918273189925, "lon": 94.848783332609287, "date": null, "source": "Random NER background", "region": "NER (broad)", "label": 0 }, "geometry": { "type": "Point", "coordinates": [ 94.848783332609287, 27.675918273189925 ] } },
{ "type": "Feature", "properties": { "lat": 26.380612640630009, "lon": 89.82650960679878, "date": null, "source": "Random NER background", "region": "NER (broad)", "label": 0 }, "geometry": { "type": "Point", "coordinates": [ 89.82650960679878, 26.380612640630009 ] } },
{ "type": "Feature", "properties": { "lat": 23.472153084218881, "lon": 93.301823182670361, "date": null, "source": "Random NER background", "region": "NER (broad)", "label": 0 }, "geometry": { "type": "Point", "coordinates": [ 93.301823182670361, 23.472153084218881 ] } },
{ "type": "Feature", "properties": { "lat": 28.969602998166405, "lon": 95.556350882022159, "date": null, "source": "Random NER background", "region": "NER (broad)", "label": 0 }, "geometry": { "type": "Point", "coordinates": [ 95.556350882022159, 28.969602998166405 ] } },
{ "type": "Feature", "properties": { "lat": 29.341284298570898, "lon": 95.774585871240362, "date": null, "source": "Random NER background", "region": "NER (broad)", "label": 0 }, "geometry": { "type": "Point", "coordinates": [ 95.774585871240362, 29.341284298570898 ] } },
{ "type": "Feature", "properties": { "lat": 29.136870907131691, "lon": 95.64385042258742, "date": null, "source": "Random NER background", "region": "NER (broad)", "label": 0 }, "geometry": { "type": "Point", "coordinates": [ 95.64385042258742, 29.136870907131691 ] } },
{ "type": "Feature", "properties": { "lat": 25.332634104131863, "lon": 89.919646068405669, "date": null, "source": "Random NER background", "region": "NER (broad)", "label": 0 }, "geometry": { "type": "Point", "coordinates": [ 89.919646068405669, 25.332634104131863 ] } },
{ "type": "Feature", "properties": { "lat": 26.425416275315939, "lon": 93.574889736422762, "date": null, "source": "Random NER background", "region": "NER (broad)", "label": 0 }, "geometry": { "type": "Point", "coordinates": [ 93.574889736422762, 26.425416275315939 ] } },
{ "type": "Feature", "properties": { "lat": 24.069341616953331, "lon": 94.136030219957561, "date": null, "source": "Random NER background", "region": "NER (broad)", "label": 0 }, "geometry": { "type": "Point", "coordinates": [ 94.136030219957561, 24.069341616953331 ] } },
{ "type": "Feature", "properties": { "lat": 26.093066825402985, "lon": 93.083946630489237, "date": null, "source": "Random NER background", "region": "NER (broad)", "label": 0 }, "geometry": { "type": "Point", "coordinates": [ 93.083946630489237, 26.093066825402985 ] } },
{ "type": "Feature", "properties": { "lat": 27.284941425939387, "lon": 96.898359107630966, "date": null, "source": "Random NER background", "region": "NER (broad)", "label": 0 }, "geometry": { "type": "Point", "coordinates": [ 96.898359107630966, 27.284941425939387 ] } },
{ "type": "Feature", "properties": { "lat": 24.675956594226399, "lon": 92.706147024556699, "date": null, "source": "Random NER background", "region": "NER (broad)", "label": 0 }, "geometry": { "type": "Point", "coordinates": [ 92.706147024556699, 24.675956594226399 ] } },
{ "type": "Feature", "properties": { "lat": 28.908317583171545, "lon": 96.329060095220285, "date": null, "source": "Random NER background", "region": "NER (broad)", "label": 0 }, "geometry": { "type": "Point", "coordinates": [ 96.329060095220285, 28.908317583171545 ] } },
{ "type": "Feature", "properties": { "lat": 25.846403868455798, "lon": 92.692167993247281, "date": null, "source": "Random NER background", "region": "NER (broad)", "label": 0 }, "geometry": { "type": "Point", "coordinates": [ 92.692167993247281, 25.846403868455798 ] } },
{ "type": "Feature", "properties": { "lat": 29.008484013926971, "lon": 96.085067516490966, "date": null, "source": "Random NER background", "region": "NER (broad)", "label": 0 }, "geometry": { "type": "Point", "coordinates": [ 96.085067516490966, 29.008484013926971 ] } },
{ "type": "Feature", "properties": { "lat": 25.171315768258889, "lon": 90.444016362180434, "date": null, "source": "Random NER background", "region": "NER (broad)", "label": 0 }, "geometry": { "type": "Point", "coordinates": [ 90.444016362180434, 25.171315768258889 ] } },
{ "type": "Feature", "properties": { "lat": 27.826141315402047, "lon": 93.393921612998923, "date": null, "source": "Random NER background", "region": "NER (broad)", "label": 0 }, "geometry": { "type": "Point", "coordinates": [ 93.393921612998923, 27.826141315402047 ] } },
{ "type": "Feature", "properties": { "lat": 28.34917203418766, "lon": 96.521906236947757, "date": null, "source": "Random NER background", "region": "NER (broad)", "label": 0 }, "geometry": { "type": "Point", "coordinates": [ 96.521906236947757, 28.34917203418766 ] } },
{ "type": "Feature", "properties": { "lat": 28.115918602210481, "lon": 92.89516626011806, "date": null, "source": "Random NER background", "region": "NER (broad)", "label": 0 }, "geometry": { "type": "Point", "coordinates": [ 92.89516626011806, 28.115918602210481 ] } },
{ "type": "Feature", "properties": { "lat": 24.743332903747177, "lon": 92.773944476764697, "date": null, "source": "Random NER background", "region": "NER (broad)", "label": 0 }, "geometry": { "type": "Point", "coordinates": [ 92.773944476764697, 24.743332903747177 ] } },
{ "type": "Feature", "properties": { "lat": 28.66094695853004, "lon": 94.683791833471446, "date": null, "source": "Random NER background", "region": "NER (broad)", "label": 0 }, "geometry": { "type": "Point", "coordinates": [ 94.683791833471446, 28.66094695853004 ] } },
{ "type": "Feature", "properties": { "lat": 26.417003585150791, "lon": 90.081721708885766, "date": null, "source": "Random NER background", "region": "NER (broad)", "label": 0 }, "geometry": { "type": "Point", "coordinates": [ 90.081721708885766, 26.417003585150791 ] } },
{ "type": "Feature", "properties": { "lat": 27.481878697206849, "lon": 93.754520006846164, "date": null, "source": "Random NER background", "region": "NER (broad)", "label": 0 }, "geometry": { "type": "Point", "coordinates": [ 93.754520006846164, 27.481878697206849 ] } },
{ "type": "Feature", "properties": { "lat": 24.826764923449801, "lon": 93.217727833774461, "date": null, "source": "Random NER background", "region": "NER (broad)", "label": 0 }, "geometry": { "type": "Point", "coordinates": [ 93.217727833774461, 24.826764923449801 ] } },
{ "type": "Feature", "properties": { "lat": 25.073983819971865, "lon": 94.685778188980805, "date": null, "source": "Random NER background", "region": "NER (broad)", "label": 0 }, "geometry": { "type": "Point", "coordinates": [ 94.685778188980805, 25.073983819971865 ] } },
{ "type": "Feature", "properties": { "lat": 25.543896448740767, "lon": 93.440665905164707, "date": null, "source": "Random NER background", "region": "NER (broad)", "label": 0 }, "geometry": { "type": "Point", "coordinates": [ 93.440665905164707, 25.543896448740767 ] } },
{ "type": "Feature", "properties": { "lat": 22.227533155613504, "lon": 92.848565863311919, "date": null, "source": "Random NER background", "region": "NER (broad)", "label": 0 }, "geometry": { "type": "Point", "coordinates": [ 92.848565863311919, 22.227533155613504 ] } },
{ "type": "Feature", "properties": { "lat": 25.605982745613133, "lon": 92.33958551926284, "date": null, "source": "Random NER background", "region": "NER (broad)", "label": 0 }, "geometry": { "type": "Point", "coordinates": [ 92.33958551926284, 25.605982745613133 ] } },
{ "type": "Feature", "properties": { "lat": 27.955322820435139, "lon": 94.871160758337524, "date": null, "source": "Random NER background", "region": "NER (broad)", "label": 0 }, "geometry": { "type": "Point", "coordinates": [ 94.871160758337524, 27.955322820435139 ] } },
{ "type": "Feature", "properties": { "lat": 27.466435862654524, "lon": 93.49395701806084, "date": null, "source": "Random NER background", "region": "NER (broad)", "label": 0 }, "geometry": { "type": "Point", "coordinates": [ 93.49395701806084, 27.466435862654524 ] } },
{ "type": "Feature", "properties": { "lat": 26.667046544777307, "lon": 91.993438419382116, "date": null, "source": "Random NER background", "region": "NER (broad)", "label": 0 }, "geometry": { "type": "Point", "coordinates": [ 91.993438419382116, 26.667046544777307 ] } },
{ "type": "Feature", "properties": { "lat": 28.456962282485669, "lon": 96.614289459483444, "date": null, "source": "Random NER background", "region": "NER (broad)", "label": 0 }, "geometry": { "type": "Point", "coordinates": [ 96.614289459483444, 28.456962282485669 ] } },
{ "type": "Feature", "properties": { "lat": 26.794340305003743, "lon": 93.123352507229157, "date": null, "source": "Random NER background", "region": "NER (broad)", "label": 0 }, "geometry": { "type": "Point", "coordinates": [ 93.123352507229157, 26.794340305003743 ] } },
{ "type": "Feature", "properties": { "lat": 26.728272787349617, "lon": 91.303813927821921, "date": null, "source": "Random NER background", "region": "NER (broad)", "label": 0 }, "geometry": { "type": "Point", "coordinates": [ 91.303813927821921, 26.728272787349617 ] } },
{ "type": "Feature", "properties": { "lat": 22.927789032032891, "lon": 93.103955620780994, "date": null, "source": "Random NER background", "region": "NER (broad)", "label": 0 }, "geometry": { "type": "Point", "coordinates": [ 93.103955620780994, 22.927789032032891 ] } },
{ "type": "Feature", "properties": { "lat": 25.73074031635208, "lon": 94.914652338608221, "date": null, "source": "Random NER background", "region": "NER (broad)", "label": 0 }, "geometry": { "type": "Point", "coordinates": [ 94.914652338608221, 25.73074031635208 ] } },
{ "type": "Feature", "properties": { "lat": 26.887998862212537, "lon": 93.172230720737701, "date": null, "source": "Random NER background", "region": "NER (broad)", "label": 0 }, "geometry": { "type": "Point", "coordinates": [ 93.172230720737701, 26.887998862212537 ] } },
{ "type": "Feature", "properties": { "lat": 23.480096308030205, "lon": 91.28851748238246, "date": null, "source": "Random NER background", "region": "NER (broad)", "label": 0 }, "geometry": { "type": "Point", "coordinates": [ 91.28851748238246, 23.480096308030205 ] } },
{ "type": "Feature", "properties": { "lat": 27.628427740111228, "lon": 96.395687907531055, "date": null, "source": "Random NER background", "region": "NER (broad)", "label": 0 }, "geometry": { "type": "Point", "coordinates": [ 96.395687907531055, 27.628427740111228 ] } },
{ "type": "Feature", "properties": { "lat": 26.283341394218098, "lon": 94.389053063650678, "date": null, "source": "Random NER background", "region": "NER (broad)", "label": 0 }, "geometry": { "type": "Point", "coordinates": [ 94.389053063650678, 26.283341394218098 ] } },
{ "type": "Feature", "properties": { "lat": 26.507945101186639, "lon": 92.058405531798158, "date": null, "source": "Random NER background", "region": "NER (broad)", "label": 0 }, "geometry": { "type": "Point", "coordinates": [ 92.058405531798158, 26.507945101186639 ] } },
{ "type": "Feature", "properties": { "lat": 29.032691278655289, "lon": 94.377753985084354, "date": null, "source": "Random NER background", "region": "NER (broad)", "label": 0 }, "geometry": { "type": "Point", "coordinates": [ 94.377753985084354, 29.032691278655289 ] } },
{ "type": "Feature", "properties": { "lat": 27.946209279479088, "lon": 96.690041151251123, "date": null, "source": "Random NER background", "region": "NER (broad)", "label": 0 }, "geometry": { "type": "Point", "coordinates": [ 96.690041151251123, 27.946209279479088 ] } },
{ "type": "Feature", "properties": { "lat": 27.294441918817192, "lon": 93.309079524588995, "date": null, "source": "Random NER background", "region": "NER (broad)", "label": 0 }, "geometry": { "type": "Point", "coordinates": [ 93.309079524588995, 27.294441918817192 ] } },
{ "type": "Feature", "properties": { "lat": 24.545293954983379, "lon": 93.069676210454503, "date": null, "source": "Random NER background", "region": "NER (broad)", "label": 0 }, "geometry": { "type": "Point", "coordinates": [ 93.069676210454503, 24.545293954983379 ] } },
{ "type": "Feature", "properties": { "lat": 24.811441364629001, "lon": 93.34398491091136, "date": null, "source": "Random NER background", "region": "NER (broad)", "label": 0 }, "geometry": { "type": "Point", "coordinates": [ 93.34398491091136, 24.811441364629001 ] } },
{ "type": "Feature", "properties": { "lat": 26.133143408299205, "lon": 91.966991698774166, "date": null, "source": "Random NER background", "region": "NER (broad)", "label": 0 }, "geometry": { "type": "Point", "coordinates": [ 91.966991698774166, 26.133143408299205 ] } },
{ "type": "Feature", "properties": { "lat": 28.072735517538849, "lon": 97.181828538878264, "date": null, "source": "Random NER background", "region": "NER (broad)", "label": 0 }, "geometry": { "type": "Point", "coordinates": [ 97.181828538878264, 28.072735517538849 ] } },
{ "type": "Feature", "properties": { "lat": 26.633555635189659, "lon": 92.660658034517439, "date": null, "source": "Random NER background", "region": "NER (broad)", "label": 0 }, "geometry": { "type": "Point", "coordinates": [ 92.660658034517439, 26.633555635189659 ] } },
{ "type": "Feature", "properties": { "lat": 28.273579065461771, "lon": 96.979287056408538, "date": null, "source": "Random NER background", "region": "NER (broad)", "label": 0 }, "geometry": { "type": "Point", "coordinates": [ 96.979287056408538, 28.273579065461771 ] } },
{ "type": "Feature", "properties": { "lat": 26.845724347145222, "lon": 95.261219013934181, "date": null, "source": "Random NER background", "region": "NER (broad)", "label": 0 }, "geometry": { "type": "Point", "coordinates": [ 95.261219013934181, 26.845724347145222 ] } },
{ "type": "Feature", "properties": { "lat": 24.485605541494493, "lon": 93.869434740829647, "date": null, "source": "Random NER background", "region": "NER (broad)", "label": 0 }, "geometry": { "type": "Point", "coordinates": [ 93.869434740829647, 24.485605541494493 ] } },
{ "type": "Feature", "properties": { "lat": 26.83403783642672, "lon": 93.856933930301196, "date": null, "source": "Random NER background", "region": "NER (broad)", "label": 0 }, "geometry": { "type": "Point", "coordinates": [ 93.856933930301196, 26.83403783642672 ] } },
{ "type": "Feature", "properties": { "lat": 25.365633228974598, "lon": 92.63461664802918, "date": null, "source": "Random NER background", "region": "NER (broad)", "label": 0 }, "geometry": { "type": "Point", "coordinates": [ 92.63461664802918, 25.365633228974598 ] } },
{ "type": "Feature", "properties": { "lat": 23.035456455932906, "lon": 93.001331861302035, "date": null, "source": "Random NER background", "region": "NER (broad)", "label": 0 }, "geometry": { "type": "Point", "coordinates": [ 93.001331861302035, 23.035456455932906 ] } },
{ "type": "Feature", "properties": { "lat": 24.534112177918526, "lon": 93.250663675532124, "date": null, "source": "Random NER background", "region": "NER (broad)", "label": 0 }, "geometry": { "type": "Point", "coordinates": [ 93.250663675532124, 24.534112177918526 ] } },
{ "type": "Feature", "properties": { "lat": 22.871068601768386, "lon": 92.748654734571517, "date": null, "source": "Random NER background", "region": "NER (broad)", "label": 0 }, "geometry": { "type": "Point", "coordinates": [ 92.748654734571517, 22.871068601768386 ] } },
{ "type": "Feature", "properties": { "lat": 22.26289468376584, "lon": 93.017512263595634, "date": null, "source": "Random NER background", "region": "NER (broad)", "label": 0 }, "geometry": { "type": "Point", "coordinates": [ 93.017512263595634, 22.26289468376584 ] } },
{ "type": "Feature", "properties": { "lat": 27.293308560754522, "lon": 92.757532090558399, "date": null, "source": "Random NER background", "region": "NER (broad)", "label": 0 }, "geometry": { "type": "Point", "coordinates": [ 92.757532090558399, 27.293308560754522 ] } },
{ "type": "Feature", "properties": { "lat": 27.688439329050581, "lon": 88.281443759979069, "date": null, "source": "Random NER background", "region": "NER (broad)", "label": 0 }, "geometry": { "type": "Point", "coordinates": [ 88.281443759979069, 27.688439329050581 ] } },
{ "type": "Feature", "properties": { "lat": 25.424827648886343, "lon": 91.380206378205557, "date": null, "source": "Random NER background", "region": "NER (broad)", "label": 0 }, "geometry": { "type": "Point", "coordinates": [ 91.380206378205557, 25.424827648886343 ] } },
{ "type": "Feature", "properties": { "lat": 26.93755886470527, "lon": 94.276383121391319, "date": null, "source": "Random NER background", "region": "NER (broad)", "label": 0 }, "geometry": { "type": "Point", "coordinates": [ 94.276383121391319, 26.93755886470527 ] } },
{ "type": "Feature", "properties": { "lat": 27.884441390421973, "lon": 94.774531060444659, "date": null, "source": "Random NER background", "region": "NER (broad)", "label": 0 }, "geometry": { "type": "Point", "coordinates": [ 94.774531060444659, 27.884441390421973 ] } },
{ "type": "Feature", "properties": { "lat": 23.966139641090383, "lon": 91.41921622479552, "date": null, "source": "Random NER background", "region": "NER (broad)", "label": 0 }, "geometry": { "type": "Point", "coordinates": [ 91.41921622479552, 23.966139641090383 ] } },
{ "type": "Feature", "properties": { "lat": 24.0954426445793, "lon": 91.659760215261841, "date": null, "source": "Random NER background", "region": "NER (broad)", "label": 0 }, "geometry": { "type": "Point", "coordinates": [ 91.659760215261841, 24.0954426445793 ] } },
{ "type": "Feature", "properties": { "lat": 23.834778810370569, "lon": 91.684095814094761, "date": null, "source": "Random NER background", "region": "NER (broad)", "label": 0 }, "geometry": { "type": "Point", "coordinates": [ 91.684095814094761, 23.834778810370569 ] } },
{ "type": "Feature", "properties": { "lat": 23.909050123000551, "lon": 92.684677451002457, "date": null, "source": "Random NER background", "region": "NER (broad)", "label": 0 }, "geometry": { "type": "Point", "coordinates": [ 92.684677451002457, 23.909050123000551 ] } },
{ "type": "Feature", "properties": { "lat": 24.868818718180201, "lon": 92.600197482372323, "date": null, "source": "Random NER background", "region": "NER (broad)", "label": 0 }, "geometry": { "type": "Point", "coordinates": [ 92.600197482372323, 24.868818718180201 ] } },
{ "type": "Feature", "properties": { "lat": 26.250451184312631, "lon": 89.857708136362476, "date": null, "source": "Random NER background", "region": "NER (broad)", "label": 0 }, "geometry": { "type": "Point", "coordinates": [ 89.857708136362476, 26.250451184312631 ] } },
{ "type": "Feature", "properties": { "lat": 28.023803760024023, "lon": 96.165330437457939, "date": null, "source": "Random NER background", "region": "NER (broad)", "label": 0 }, "geometry": { "type": "Point", "coordinates": [ 96.165330437457939, 28.023803760024023 ] } },
{ "type": "Feature", "properties": { "lat": 25.428058503136818, "lon": 93.470853175437114, "date": null, "source": "Random NER background", "region": "NER (broad)", "label": 0 }, "geometry": { "type": "Point", "coordinates": [ 93.470853175437114, 25.428058503136818 ] } },
{ "type": "Feature", "properties": { "lat": 23.439394374244586, "lon": 91.572525372079397, "date": null, "source": "Random NER background", "region": "NER (broad)", "label": 0 }, "geometry": { "type": "Point", "coordinates": [ 91.572525372079397, 23.439394374244586 ] } },
{ "type": "Feature", "properties": { "lat": 26.237816274003084, "lon": 93.183476311782798, "date": null, "source": "Random NER background", "region": "NER (broad)", "label": 0 }, "geometry": { "type": "Point", "coordinates": [ 93.183476311782798, 26.237816274003084 ] } },
{ "type": "Feature", "properties": { "lat": 26.953701065040701, "lon": 93.225941991476006, "date": null, "source": "Random NER background", "region": "NER (broad)", "label": 0 }, "geometry": { "type": "Point", "coordinates": [ 93.225941991476006, 26.953701065040701 ] } },
{ "type": "Feature", "properties": { "lat": 27.166936410048507, "lon": 92.165322065934646, "date": null, "source": "Random NER background", "region": "NER (broad)", "label": 0 }, "geometry": { "type": "Point", "coordinates": [ 92.165322065934646, 27.166936410048507 ] } },
{ "type": "Feature", "properties": { "lat": 28.051724544035668, "lon": 95.558739941961562, "date": null, "source": "Random NER background", "region": "NER (broad)", "label": 0 }, "geometry": { "type": "Point", "coordinates": [ 95.558739941961562, 28.051724544035668 ] } },
{ "type": "Feature", "properties": { "lat": 24.773132721959211, "lon": 92.743380545245117, "date": null, "source": "Random NER background", "region": "NER (broad)", "label": 0 }, "geometry": { "type": "Point", "coordinates": [ 92.743380545245117, 24.773132721959211 ] } },
{ "type": "Feature", "properties": { "lat": 26.566688317229307, "lon": 90.299201092872593, "date": null, "source": "Random NER background", "region": "NER (broad)", "label": 0 }, "geometry": { "type": "Point", "coordinates": [ 90.299201092872593, 26.566688317229307 ] } },
{ "type": "Feature", "properties": { "lat": 26.769303748258544, "lon": 94.794745717344554, "date": null, "source": "Random NER background", "region": "NER (broad)", "label": 0 }, "geometry": { "type": "Point", "coordinates": [ 94.794745717344554, 26.769303748258544 ] } },
{ "type": "Feature", "properties": { "lat": 27.812614105760503, "lon": 88.702668788031744, "date": null, "source": "Random NER background", "region": "NER (broad)", "label": 0 }, "geometry": { "type": "Point", "coordinates": [ 88.702668788031744, 27.812614105760503 ] } },
{ "type": "Feature", "properties": { "lat": 24.706440778634988, "lon": 92.812820108780315, "date": null, "source": "Random NER background", "region": "NER (broad)", "label": 0 }, "geometry": { "type": "Point", "coordinates": [ 92.812820108780315, 24.706440778634988 ] } },
{ "type": "Feature", "properties": { "lat": 28.863137475826367, "lon": 94.571234226032018, "date": null, "source": "Random NER background", "region": "NER (broad)", "label": 0 }, "geometry": { "type": "Point", "coordinates": [ 94.571234226032018, 28.863137475826367 ] } },
{ "type": "Feature", "properties": { "lat": 25.795247888196705, "lon": 94.062713486603002, "date": null, "source": "Random NER background", "region": "NER (broad)", "label": 0 }, "geometry": { "type": "Point", "coordinates": [ 94.062713486603002, 25.795247888196705 ] } },
{ "type": "Feature", "properties": { "lat": 26.76081315664613, "lon": 91.372583784760636, "date": null, "source": "Random NER background", "region": "NER (broad)", "label": 0 }, "geometry": { "type": "Point", "coordinates": [ 91.372583784760636, 26.76081315664613 ] } },
{ "type": "Feature", "properties": { "lat": 25.585409924200359, "lon": 92.928578785068822, "date": null, "source": "Random NER background", "region": "NER (broad)", "label": 0 }, "geometry": { "type": "Point", "coordinates": [ 92.928578785068822, 25.585409924200359 ] } },
{ "type": "Feature", "properties": { "lat": 26.144146364192032, "lon": 93.464736283569039, "date": null, "source": "Random NER background", "region": "NER (broad)", "label": 0 }, "geometry": { "type": "Point", "coordinates": [ 93.464736283569039, 26.144146364192032 ] } },
{ "type": "Feature", "properties": { "lat": 25.363407990235107, "lon": 92.523544046487046, "date": null, "source": "Random NER background", "region": "NER (broad)", "label": 0 }, "geometry": { "type": "Point", "coordinates": [ 92.523544046487046, 25.363407990235107 ] } },
{ "type": "Feature", "properties": { "lat": 25.005327506184216, "lon": 94.619251022474842, "date": null, "source": "Random NER background", "region": "NER (broad)", "label": 0 }, "geometry": { "type": "Point", "coordinates": [ 94.619251022474842, 25.005327506184216 ] } },
{ "type": "Feature", "properties": { "lat": 28.293440064375279, "lon": 94.155714214138285, "date": null, "source": "Random NER background", "region": "NER (broad)", "label": 0 }, "geometry": { "type": "Point", "coordinates": [ 94.155714214138285, 28.293440064375279 ] } },
{ "type": "Feature", "properties": { "lat": 26.412855498975361, "lon": 89.874582139931334, "date": null, "source": "Random NER background", "region": "NER (broad)", "label": 0 }, "geometry": { "type": "Point", "coordinates": [ 89.874582139931334, 26.412855498975361 ] } },
{ "type": "Feature", "properties": { "lat": 26.237625266882947, "lon": 91.693939913379197, "date": null, "source": "Random NER background", "region": "NER (broad)", "label": 0 }, "geometry": { "type": "Point", "coordinates": [ 91.693939913379197, 26.237625266882947 ] } },
{ "type": "Feature", "properties": { "lat": 27.518603962883933, "lon": 95.682932991996978, "date": null, "source": "Random NER background", "region": "NER (broad)", "label": 0 }, "geometry": { "type": "Point", "coordinates": [ 95.682932991996978, 27.518603962883933 ] } },
{ "type": "Feature", "properties": { "lat": 24.10787929279055, "lon": 92.346729010958754, "date": null, "source": "Random NER background", "region": "NER (broad)", "label": 0 }, "geometry": { "type": "Point", "coordinates": [ 92.346729010958754, 24.10787929279055 ] } },
{ "type": "Feature", "properties": { "lat": 26.275766634263949, "lon": 93.807430000820517, "date": null, "source": "Random NER background", "region": "NER (broad)", "label": 0 }, "geometry": { "type": "Point", "coordinates": [ 93.807430000820517, 26.275766634263949 ] } },
{ "type": "Feature", "properties": { "lat": 26.196037716521744, "lon": 91.305284055649153, "date": null, "source": "Random NER background", "region": "NER (broad)", "label": 0 }, "geometry": { "type": "Point", "coordinates": [ 91.305284055649153, 26.196037716521744 ] } },
{ "type": "Feature", "properties": { "lat": 28.264142421356475, "lon": 93.864945453696038, "date": null, "source": "Random NER background", "region": "NER (broad)", "label": 0 }, "geometry": { "type": "Point", "coordinates": [ 93.864945453696038, 28.264142421356475 ] } },
{ "type": "Feature", "properties": { "lat": 28.009906034087471, "lon": 94.706889428986798, "date": null, "source": "Random NER background", "region": "NER (broad)", "label": 0 }, "geometry": { "type": "Point", "coordinates": [ 94.706889428986798, 28.009906034087471 ] } },
{ "type": "Feature", "properties": { "lat": 25.586598955897287, "lon": 91.973271509006963, "date": null, "source": "Random NER background", "region": "NER (broad)", "label": 0 }, "geometry": { "type": "Point", "coordinates": [ 91.973271509006963, 25.586598955897287 ] } },
{ "type": "Feature", "properties": { "lat": 27.047463412234841, "lon": 94.129970903259519, "date": null, "source": "Random NER background", "region": "NER (broad)", "label": 0 }, "geometry": { "type": "Point", "coordinates": [ 94.129970903259519, 27.047463412234841 ] } },
{ "type": "Feature", "properties": { "lat": 24.016640117286755, "lon": 92.284509222093206, "date": null, "source": "Random NER background", "region": "NER (broad)", "label": 0 }, "geometry": { "type": "Point", "coordinates": [ 92.284509222093206, 24.016640117286755 ] } },
{ "type": "Feature", "properties": { "lat": 28.021727525230894, "lon": 97.156376349441913, "date": null, "source": "Random NER background", "region": "NER (broad)", "label": 0 }, "geometry": { "type": "Point", "coordinates": [ 97.156376349441913, 28.021727525230894 ] } },
{ "type": "Feature", "properties": { "lat": 25.543504157845359, "lon": 92.702213554730847, "date": null, "source": "Random NER background", "region": "NER (broad)", "label": 0 }, "geometry": { "type": "Point", "coordinates": [ 92.702213554730847, 25.543504157845359 ] } },
{ "type": "Feature", "properties": { "lat": 23.69882334618827, "lon": 93.107281872945805, "date": null, "source": "Random NER background", "region": "NER (broad)", "label": 0 }, "geometry": { "type": "Point", "coordinates": [ 93.107281872945805, 23.69882334618827 ] } },
{ "type": "Feature", "properties": { "lat": 27.440146015438291, "lon": 95.276235771965062, "date": null, "source": "Random NER background", "region": "NER (broad)", "label": 0 }, "geometry": { "type": "Point", "coordinates": [ 95.276235771965062, 27.440146015438291 ] } },
{ "type": "Feature", "properties": { "lat": 27.251841929040346, "lon": 93.190356109858683, "date": null, "source": "Random NER background", "region": "NER (broad)", "label": 0 }, "geometry": { "type": "Point", "coordinates": [ 93.190356109858683, 27.251841929040346 ] } },
{ "type": "Feature", "properties": { "lat": 26.203391175814485, "lon": 91.330992990582899, "date": null, "source": "Random NER background", "region": "NER (broad)", "label": 0 }, "geometry": { "type": "Point", "coordinates": [ 91.330992990582899, 26.203391175814485 ] } },
{ "type": "Feature", "properties": { "lat": 23.748680150321583, "lon": 93.118301187452559, "date": null, "source": "Random NER background", "region": "NER (broad)", "label": 0 }, "geometry": { "type": "Point", "coordinates": [ 93.118301187452559, 23.748680150321583 ] } },
{ "type": "Feature", "properties": { "lat": 27.191158790713352, "lon": 95.870577125636999, "date": null, "source": "Random NER background", "region": "NER (broad)", "label": 0 }, "geometry": { "type": "Point", "coordinates": [ 95.870577125636999, 27.191158790713352 ] } },
{ "type": "Feature", "properties": { "lat": 27.591788699838851, "lon": 94.424228260149476, "date": null, "source": "Random NER background", "region": "NER (broad)", "label": 0 }, "geometry": { "type": "Point", "coordinates": [ 94.424228260149476, 27.591788699838851 ] } },
{ "type": "Feature", "properties": { "lat": 25.415669807325106, "lon": 93.485542528389516, "date": null, "source": "Random NER background", "region": "NER (broad)", "label": 0 }, "geometry": { "type": "Point", "coordinates": [ 93.485542528389516, 25.415669807325106 ] } },
{ "type": "Feature", "properties": { "lat": 23.649737216699886, "lon": 91.93513834896784, "date": null, "source": "Random NER background", "region": "NER (broad)", "label": 0 }, "geometry": { "type": "Point", "coordinates": [ 91.93513834896784, 23.649737216699886 ] } },
{ "type": "Feature", "properties": { "lat": 25.115933780402919, "lon": 94.019463751827843, "date": null, "source": "Random NER background", "region": "NER (broad)", "label": 0 }, "geometry": { "type": "Point", "coordinates": [ 94.019463751827843, 25.115933780402919 ] } },
{ "type": "Feature", "properties": { "lat": 25.62490777670159, "lon": 90.643144034591941, "date": null, "source": "Random NER background", "region": "NER (broad)", "label": 0 }, "geometry": { "type": "Point", "coordinates": [ 90.643144034591941, 25.62490777670159 ] } },
{ "type": "Feature", "properties": { "lat": 27.361792212315898, "lon": 94.943853406127005, "date": null, "source": "Random NER background", "region": "NER (broad)", "label": 0 }, "geometry": { "type": "Point", "coordinates": [ 94.943853406127005, 27.361792212315898 ] } },
{ "type": "Feature", "properties": { "lat": 25.167594053437742, "lon": 94.3093662979025, "date": null, "source": "Random NER background", "region": "NER (broad)", "label": 0 }, "geometry": { "type": "Point", "coordinates": [ 94.3093662979025, 25.167594053437742 ] } },
{ "type": "Feature", "properties": { "lat": 25.775395715100519, "lon": 90.069384382644458, "date": null, "source": "Random NER background", "region": "NER (broad)", "label": 0 }, "geometry": { "type": "Point", "coordinates": [ 90.069384382644458, 25.775395715100519 ] } },
{ "type": "Feature", "properties": { "lat": 24.202041241366299, "lon": 93.490369582479033, "date": null, "source": "Random NER background", "region": "NER (broad)", "label": 0 }, "geometry": { "type": "Point", "coordinates": [ 93.490369582479033, 24.202041241366299 ] } },
{ "type": "Feature", "properties": { "lat": 26.029136887337124, "lon": 92.610710088080793, "date": null, "source": "Random NER background", "region": "NER (broad)", "label": 0 }, "geometry": { "type": "Point", "coordinates": [ 92.610710088080793, 26.029136887337124 ] } },
{ "type": "Feature", "properties": { "lat": 27.771118094724542, "lon": 92.366026745398884, "date": null, "source": "Random NER background", "region": "NER (broad)", "label": 0 }, "geometry": { "type": "Point", "coordinates": [ 92.366026745398884, 27.771118094724542 ] } },
{ "type": "Feature", "properties": { "lat": 26.736703715350352, "lon": 90.378698146216536, "date": null, "source": "Random NER background", "region": "NER (broad)", "label": 0 }, "geometry": { "type": "Point", "coordinates": [ 90.378698146216536, 26.736703715350352 ] } },
{ "type": "Feature", "properties": { "lat": 26.700161705262456, "lon": 92.180944497408603, "date": null, "source": "Random NER background", "region": "NER (broad)", "label": 0 }, "geometry": { "type": "Point", "coordinates": [ 92.180944497408603, 26.700161705262456 ] } },
{ "type": "Feature", "properties": { "lat": 27.279456210914571, "lon": 93.966760364238581, "date": null, "source": "Random NER background", "region": "NER (broad)", "label": 0 }, "geometry": { "type": "Point", "coordinates": [ 93.966760364238581, 27.279456210914571 ] } },
{ "type": "Feature", "properties": { "lat": 27.519565172383619, "lon": 93.600952218734378, "date": null, "source": "Random NER background", "region": "NER (broad)", "label": 0 }, "geometry": { "type": "Point", "coordinates": [ 93.600952218734378, 27.519565172383619 ] } },
{ "type": "Feature", "properties": { "lat": 25.927173054277841, "lon": 93.700074738645597, "date": null, "source": "Random NER background", "region": "NER (broad)", "label": 0 }, "geometry": { "type": "Point", "coordinates": [ 93.700074738645597, 25.927173054277841 ] } },
{ "type": "Feature", "properties": { "lat": 26.767242960681152, "lon": 90.865668668983403, "date": null, "source": "Random NER background", "region": "NER (broad)", "label": 0 }, "geometry": { "type": "Point", "coordinates": [ 90.865668668983403, 26.767242960681152 ] } },
{ "type": "Feature", "properties": { "lat": 25.6419930223779, "lon": 92.840464378089763, "date": null, "source": "Random NER background", "region": "NER (broad)", "label": 0 }, "geometry": { "type": "Point", "coordinates": [ 92.840464378089763, 25.6419930223779 ] } },
{ "type": "Feature", "properties": { "lat": 22.401949300830463, "lon": 92.746034142090238, "date": null, "source": "Random NER background", "region": "NER (broad)", "label": 0 }, "geometry": { "type": "Point", "coordinates": [ 92.746034142090238, 22.401949300830463 ] } },
{ "type": "Feature", "properties": { "lat": 26.251438145101787, "lon": 93.018721758893761, "date": null, "source": "Random NER background", "region": "NER (broad)", "label": 0 }, "geometry": { "type": "Point", "coordinates": [ 93.018721758893761, 26.251438145101787 ] } },
{ "type": "Feature", "properties": { "lat": 28.386512031493979, "lon": 93.399613693343113, "date": null, "source": "Random NER background", "region": "NER (broad)", "label": 0 }, "geometry": { "type": "Point", "coordinates": [ 93.399613693343113, 28.386512031493979 ] } },
{ "type": "Feature", "properties": { "lat": 27.662936393796912, "lon": 88.158549316823141, "date": null, "source": "Random NER background", "region": "NER (broad)", "label": 0 }, "geometry": { "type": "Point", "coordinates": [ 88.158549316823141, 27.662936393796912 ] } },
{ "type": "Feature", "properties": { "lat": 27.814319991944728, "lon": 92.812800740611806, "date": null, "source": "Random NER background", "region": "NER (broad)", "label": 0 }, "geometry": { "type": "Point", "coordinates": [ 92.812800740611806, 27.814319991944728 ] } },
{ "type": "Feature", "properties": { "lat": 26.528565568484609, "lon": 92.759965172317195, "date": null, "source": "Random NER background", "region": "NER (broad)", "label": 0 }, "geometry": { "type": "Point", "coordinates": [ 92.759965172317195, 26.528565568484609 ] } },
{ "type": "Feature", "properties": { "lat": 26.428376445333985, "lon": 90.635943489478322, "date": null, "source": "Random NER background", "region": "NER (broad)", "label": 0 }, "geometry": { "type": "Point", "coordinates": [ 90.635943489478322, 26.428376445333985 ] } },
{ "type": "Feature", "properties": { "lat": 23.979255084933136, "lon": 92.85739463380564, "date": null, "source": "Random NER background", "region": "NER (broad)", "label": 0 }, "geometry": { "type": "Point", "coordinates": [ 92.85739463380564, 23.979255084933136 ] } },
{ "type": "Feature", "properties": { "lat": 25.791121383115662, "lon": 91.711949278199313, "date": null, "source": "Random NER background", "region": "NER (broad)", "label": 0 }, "geometry": { "type": "Point", "coordinates": [ 91.711949278199313, 25.791121383115662 ] } },
{ "type": "Feature", "properties": { "lat": 27.089407052843931, "lon": 94.934604585599644, "date": null, "source": "Random NER background", "region": "NER (broad)", "label": 0 }, "geometry": { "type": "Point", "coordinates": [ 94.934604585599644, 27.089407052843931 ] } },
{ "type": "Feature", "properties": { "lat": 25.126974738377143, "lon": 93.783907842060714, "date": null, "source": "Random NER background", "region": "NER (broad)", "label": 0 }, "geometry": { "type": "Point", "coordinates": [ 93.783907842060714, 25.126974738377143 ] } },
{ "type": "Feature", "properties": { "lat": 27.163204856944787, "lon": 94.664246306626723, "date": null, "source": "Random NER background", "region": "NER (broad)", "label": 0 }, "geometry": { "type": "Point", "coordinates": [ 94.664246306626723, 27.163204856944787 ] } },
{ "type": "Feature", "properties": { "lat": 27.671442323916999, "lon": 88.278884386141627, "date": null, "source": "Random NER background", "region": "NER (broad)", "label": 0 }, "geometry": { "type": "Point", "coordinates": [ 88.278884386141627, 27.671442323916999 ] } },
{ "type": "Feature", "properties": { "lat": 25.274116716621904, "lon": 91.638305006490285, "date": null, "source": "Random NER background", "region": "NER (broad)", "label": 0 }, "geometry": { "type": "Point", "coordinates": [ 91.638305006490285, 25.274116716621904 ] } },
{ "type": "Feature", "properties": { "lat": 28.359881581983771, "lon": 93.252215490710725, "date": null, "source": "Random NER background", "region": "NER (broad)", "label": 0 }, "geometry": { "type": "Point", "coordinates": [ 93.252215490710725, 28.359881581983771 ] } },
{ "type": "Feature", "properties": { "lat": 28.811581356169032, "lon": 95.036325367012481, "date": null, "source": "Random NER background", "region": "NER (broad)", "label": 0 }, "geometry": { "type": "Point", "coordinates": [ 95.036325367012481, 28.811581356169032 ] } },
{ "type": "Feature", "properties": { "lat": 24.482465333902891, "lon": 92.769388954316042, "date": null, "source": "Random NER background", "region": "NER (broad)", "label": 0 }, "geometry": { "type": "Point", "coordinates": [ 92.769388954316042, 24.482465333902891 ] } },
{ "type": "Feature", "properties": { "lat": 27.934704155670051, "lon": 97.3234317074442, "date": null, "source": "Random NER background", "region": "NER (broad)", "label": 0 }, "geometry": { "type": "Point", "coordinates": [ 97.3234317074442, 27.934704155670051 ] } },
{ "type": "Feature", "properties": { "lat": 25.22075342333509, "lon": 90.681915270898557, "date": null, "source": "Random NER background", "region": "NER (broad)", "label": 0 }, "geometry": { "type": "Point", "coordinates": [ 90.681915270898557, 25.22075342333509 ] } },
{ "type": "Feature", "properties": { "lat": 25.211413524643994, "lon": 93.621063882355756, "date": null, "source": "Random NER background", "region": "NER (broad)", "label": 0 }, "geometry": { "type": "Point", "coordinates": [ 93.621063882355756, 25.211413524643994 ] } },
{ "type": "Feature", "properties": { "lat": 28.2165920551694, "lon": 96.333386835389959, "date": null, "source": "Random NER background", "region": "NER (broad)", "label": 0 }, "geometry": { "type": "Point", "coordinates": [ 96.333386835389959, 28.2165920551694 ] } },
{ "type": "Feature", "properties": { "lat": 25.7385159124801, "lon": 90.26259214794824, "date": null, "source": "Random NER background", "region": "NER (broad)", "label": 0 }, "geometry": { "type": "Point", "coordinates": [ 90.26259214794824, 25.7385159124801 ] } },
{ "type": "Feature", "properties": { "lat": 28.059703135153729, "lon": 88.710889601133843, "date": null, "source": "Random NER background", "region": "NER (broad)", "label": 0 }, "geometry": { "type": "Point", "coordinates": [ 88.710889601133843, 28.059703135153729 ] } },
{ "type": "Feature", "properties": { "lat": 26.042565826313663, "lon": 92.132337345132356, "date": null, "source": "Random NER background", "region": "NER (broad)", "label": 0 }, "geometry": { "type": "Point", "coordinates": [ 92.132337345132356, 26.042565826313663 ] } },
{ "type": "Feature", "properties": { "lat": 27.906534575995963, "lon": 94.656893260054645, "date": null, "source": "Random NER background", "region": "NER (broad)", "label": 0 }, "geometry": { "type": "Point", "coordinates": [ 94.656893260054645, 27.906534575995963 ] } },
{ "type": "Feature", "properties": { "lat": 24.752100415273709, "lon": 93.091283216355222, "date": null, "source": "Random NER background", "region": "NER (broad)", "label": 0 }, "geometry": { "type": "Point", "coordinates": [ 93.091283216355222, 24.752100415273709 ] } },
{ "type": "Feature", "properties": { "lat": 24.34594204403427, "lon": 92.877866916097915, "date": null, "source": "Random NER background", "region": "NER (broad)", "label": 0 }, "geometry": { "type": "Point", "coordinates": [ 92.877866916097915, 24.34594204403427 ] } },
{ "type": "Feature", "properties": { "lat": 24.735137811577395, "lon": 92.295911109310097, "date": null, "source": "Random NER background", "region": "NER (broad)", "label": 0 }, "geometry": { "type": "Point", "coordinates": [ 92.295911109310097, 24.735137811577395 ] } },
{ "type": "Feature", "properties": { "lat": 24.477917950527981, "lon": 93.987826711736318, "date": null, "source": "Random NER background", "region": "NER (broad)", "label": 0 }, "geometry": { "type": "Point", "coordinates": [ 93.987826711736318, 24.477917950527981 ] } },
{ "type": "Feature", "properties": { "lat": 26.657480125668016, "lon": 93.532076113433604, "date": null, "source": "Random NER background", "region": "NER (broad)", "label": 0 }, "geometry": { "type": "Point", "coordinates": [ 93.532076113433604, 26.657480125668016 ] } },
{ "type": "Feature", "properties": { "lat": 26.453412390767166, "lon": 90.334955402829834, "date": null, "source": "Random NER background", "region": "NER (broad)", "label": 0 }, "geometry": { "type": "Point", "coordinates": [ 90.334955402829834, 26.453412390767166 ] } },
{ "type": "Feature", "properties": { "lat": 27.917344662169022, "lon": 95.551039320867758, "date": null, "source": "Random NER background", "region": "NER (broad)", "label": 0 }, "geometry": { "type": "Point", "coordinates": [ 95.551039320867758, 27.917344662169022 ] } },
{ "type": "Feature", "properties": { "lat": 24.372896878700519, "lon": 93.172919157323477, "date": null, "source": "Random NER background", "region": "NER (broad)", "label": 0 }, "geometry": { "type": "Point", "coordinates": [ 93.172919157323477, 24.372896878700519 ] } },
{ "type": "Feature", "properties": { "lat": 25.519146044349931, "lon": 91.689622108408358, "date": null, "source": "Random NER background", "region": "NER (broad)", "label": 0 }, "geometry": { "type": "Point", "coordinates": [ 91.689622108408358, 25.519146044349931 ] } },
{ "type": "Feature", "properties": { "lat": 26.754915371009872, "lon": 90.532006510124006, "date": null, "source": "Random NER background", "region": "NER (broad)", "label": 0 }, "geometry": { "type": "Point", "coordinates": [ 90.532006510124006, 26.754915371009872 ] } },
{ "type": "Feature", "properties": { "lat": 28.03028129286988, "lon": 96.7139650844192, "date": null, "source": "Random NER background", "region": "NER (broad)", "label": 0 }, "geometry": { "type": "Point", "coordinates": [ 96.7139650844192, 28.03028129286988 ] } },
{ "type": "Feature", "properties": { "lat": 28.213778018447275, "lon": 96.029598572479685, "date": null, "source": "Random NER background", "region": "NER (broad)", "label": 0 }, "geometry": { "type": "Point", "coordinates": [ 96.029598572479685, 28.213778018447275 ] } },
{ "type": "Feature", "properties": { "lat": 27.949681802875105, "lon": 94.627452354195995, "date": null, "source": "Random NER background", "region": "NER (broad)", "label": 0 }, "geometry": { "type": "Point", "coordinates": [ 94.627452354195995, 27.949681802875105 ] } },
{ "type": "Feature", "properties": { "lat": 26.00885189426555, "lon": 93.349534463208158, "date": null, "source": "Random NER background", "region": "NER (broad)", "label": 0 }, "geometry": { "type": "Point", "coordinates": [ 93.349534463208158, 26.00885189426555 ] } },
{ "type": "Feature", "properties": { "lat": 23.250471533532611, "lon": 93.00126088441084, "date": null, "source": "Random NER background", "region": "NER (broad)", "label": 0 }, "geometry": { "type": "Point", "coordinates": [ 93.00126088441084, 23.250471533532611 ] } },
{ "type": "Feature", "properties": { "lat": 28.837793179848948, "lon": 95.356481738788958, "date": null, "source": "Random NER background", "region": "NER (broad)", "label": 0 }, "geometry": { "type": "Point", "coordinates": [ 95.356481738788958, 28.837793179848948 ] } },
{ "type": "Feature", "properties": { "lat": 28.271847100633082, "lon": 96.176359932619718, "date": null, "source": "Random NER background", "region": "NER (broad)", "label": 0 }, "geometry": { "type": "Point", "coordinates": [ 96.176359932619718, 28.271847100633082 ] } },
{ "type": "Feature", "properties": { "lat": 29.089548256210588, "lon": 95.52250398749878, "date": null, "source": "Random NER background", "region": "NER (broad)", "label": 0 }, "geometry": { "type": "Point", "coordinates": [ 95.52250398749878, 29.089548256210588 ] } },
{ "type": "Feature", "properties": { "lat": 24.529700598194072, "lon": 93.187227692945314, "date": null, "source": "Random NER background", "region": "NER (broad)", "label": 0 }, "geometry": { "type": "Point", "coordinates": [ 93.187227692945314, 24.529700598194072 ] } },
{ "type": "Feature", "properties": { "lat": 28.412405763748616, "lon": 94.184210849578037, "date": null, "source": "Random NER background", "region": "NER (broad)", "label": 0 }, "geometry": { "type": "Point", "coordinates": [ 94.184210849578037, 28.412405763748616 ] } },
{ "type": "Feature", "properties": { "lat": 27.355880682170536, "lon": 93.196939456816196, "date": null, "source": "Random NER background", "region": "NER (broad)", "label": 0 }, "geometry": { "type": "Point", "coordinates": [ 93.196939456816196, 27.355880682170536 ] } },
{ "type": "Feature", "properties": { "lat": 26.25224435241676, "lon": 93.829624894899496, "date": null, "source": "Random NER background", "region": "NER (broad)", "label": 0 }, "geometry": { "type": "Point", "coordinates": [ 93.829624894899496, 26.25224435241676 ] } },
{ "type": "Feature", "properties": { "lat": 27.276304836605405, "lon": 94.934753053867766, "date": null, "source": "Random NER background", "region": "NER (broad)", "label": 0 }, "geometry": { "type": "Point", "coordinates": [ 94.934753053867766, 27.276304836605405 ] } },
{ "type": "Feature", "properties": { "lat": 26.796161808078946, "lon": 93.702047516130804, "date": null, "source": "Random NER background", "region": "NER (broad)", "label": 0 }, "geometry": { "type": "Point", "coordinates": [ 93.702047516130804, 26.796161808078946 ] } },
{ "type": "Feature", "properties": { "lat": 23.966827200941839, "lon": 91.775939810827154, "date": null, "source": "Random NER background", "region": "NER (broad)", "label": 0 }, "geometry": { "type": "Point", "coordinates": [ 91.775939810827154, 23.966827200941839 ] } },
{ "type": "Feature", "properties": { "lat": 25.412774496965259, "lon": 94.279880520087033, "date": null, "source": "Random NER background", "region": "NER (broad)", "label": 0 }, "geometry": { "type": "Point", "coordinates": [ 94.279880520087033, 25.412774496965259 ] } },
{ "type": "Feature", "properties": { "lat": 24.455213319455559, "lon": 92.234865072547365, "date": null, "source": "Random NER background", "region": "NER (broad)", "label": 0 }, "geometry": { "type": "Point", "coordinates": [ 92.234865072547365, 24.455213319455559 ] } },
{ "type": "Feature", "properties": { "lat": 23.606367733463081, "lon": 92.418050583469181, "date": null, "source": "Random NER background", "region": "NER (broad)", "label": 0 }, "geometry": { "type": "Point", "coordinates": [ 92.418050583469181, 23.606367733463081 ] } },
{ "type": "Feature", "properties": { "lat": 24.250331092368373, "lon": 93.143765557057193, "date": null, "source": "Random NER background", "region": "NER (broad)", "label": 0 }, "geometry": { "type": "Point", "coordinates": [ 93.143765557057193, 24.250331092368373 ] } },
{ "type": "Feature", "properties": { "lat": 28.722217610713241, "lon": 94.785904141738399, "date": null, "source": "Random NER background", "region": "NER (broad)", "label": 0 }, "geometry": { "type": "Point", "coordinates": [ 94.785904141738399, 28.722217610713241 ] } },
{ "type": "Feature", "properties": { "lat": 27.903602693765485, "lon": 94.436581412972274, "date": null, "source": "Random NER background", "region": "NER (broad)", "label": 0 }, "geometry": { "type": "Point", "coordinates": [ 94.436581412972274, 27.903602693765485 ] } },
{ "type": "Feature", "properties": { "lat": 27.792405110622173, "lon": 93.919050321593673, "date": null, "source": "Random NER background", "region": "NER (broad)", "label": 0 }, "geometry": { "type": "Point", "coordinates": [ 93.919050321593673, 27.792405110622173 ] } },
{ "type": "Feature", "properties": { "lat": 25.680496083598481, "lon": 91.986141425139678, "date": null, "source": "Random NER background", "region": "NER (broad)", "label": 0 }, "geometry": { "type": "Point", "coordinates": [ 91.986141425139678, 25.680496083598481 ] } },
{ "type": "Feature", "properties": { "lat": 23.78874283239098, "lon": 93.088518070886195, "date": null, "source": "Random NER background", "region": "NER (broad)", "label": 0 }, "geometry": { "type": "Point", "coordinates": [ 93.088518070886195, 23.78874283239098 ] } },
{ "type": "Feature", "properties": { "lat": 24.564347783016423, "lon": 92.61305552672016, "date": null, "source": "Random NER background", "region": "NER (broad)", "label": 0 }, "geometry": { "type": "Point", "coordinates": [ 92.61305552672016, 24.564347783016423 ] } },
{ "type": "Feature", "properties": { "lat": 26.369242112685011, "lon": 94.589781905087378, "date": null, "source": "Random NER background", "region": "NER (broad)", "label": 0 }, "geometry": { "type": "Point", "coordinates": [ 94.589781905087378, 26.369242112685011 ] } },
{ "type": "Feature", "properties": { "lat": 27.465998558713089, "lon": 96.74793233760856, "date": null, "source": "Random NER background", "region": "NER (broad)", "label": 0 }, "geometry": { "type": "Point", "coordinates": [ 96.74793233760856, 27.465998558713089 ] } },
{ "type": "Feature", "properties": { "lat": 24.834181821643064, "lon": 94.132770708562617, "date": null, "source": "Random NER background", "region": "NER (broad)", "label": 0 }, "geometry": { "type": "Point", "coordinates": [ 94.132770708562617, 24.834181821643064 ] } },
{ "type": "Feature", "properties": { "lat": 28.091755474041125, "lon": 95.038975589740076, "date": null, "source": "Random NER background", "region": "NER (broad)", "label": 0 }, "geometry": { "type": "Point", "coordinates": [ 95.038975589740076, 28.091755474041125 ] } },
{ "type": "Feature", "properties": { "lat": 27.57594636181005, "lon": 96.238295220227144, "date": null, "source": "Random NER background", "region": "NER (broad)", "label": 0 }, "geometry": { "type": "Point", "coordinates": [ 96.238295220227144, 27.57594636181005 ] } },
{ "type": "Feature", "properties": { "lat": 28.068139139187679, "lon": 92.895062174790795, "date": null, "source": "Random NER background", "region": "NER (broad)", "label": 0 }, "geometry": { "type": "Point", "coordinates": [ 92.895062174790795, 28.068139139187679 ] } },
{ "type": "Feature", "properties": { "lat": 28.310362727897537, "lon": 96.353659617918638, "date": null, "source": "Random NER background", "region": "NER (broad)", "label": 0 }, "geometry": { "type": "Point", "coordinates": [ 96.353659617918638, 28.310362727897537 ] } },
{ "type": "Feature", "properties": { "lat": 28.163439464612409, "lon": 95.951278437282596, "date": null, "source": "Random NER background", "region": "NER (broad)", "label": 0 }, "geometry": { "type": "Point", "coordinates": [ 95.951278437282596, 28.163439464612409 ] } },
{ "type": "Feature", "properties": { "lat": 23.495922090594235, "lon": 92.336262337716761, "date": null, "source": "Random NER background", "region": "NER (broad)", "label": 0 }, "geometry": { "type": "Point", "coordinates": [ 92.336262337716761, 23.495922090594235 ] } },
{ "type": "Feature", "properties": { "lat": 28.844248554728928, "lon": 94.694022479590345, "date": null, "source": "Random NER background", "region": "NER (broad)", "label": 0 }, "geometry": { "type": "Point", "coordinates": [ 94.694022479590345, 28.844248554728928 ] } },
{ "type": "Feature", "properties": { "lat": 25.54101099949731, "lon": 94.036393186220522, "date": null, "source": "Random NER background", "region": "NER (broad)", "label": 0 }, "geometry": { "type": "Point", "coordinates": [ 94.036393186220522, 25.54101099949731 ] } },
{ "type": "Feature", "properties": { "lat": 24.479734092282456, "lon": 93.643414137795446, "date": null, "source": "Random NER background", "region": "NER (broad)", "label": 0 }, "geometry": { "type": "Point", "coordinates": [ 93.643414137795446, 24.479734092282456 ] } },
{ "type": "Feature", "properties": { "lat": 26.195041987379408, "lon": 91.322719065624199, "date": null, "source": "Random NER background", "region": "NER (broad)", "label": 0 }, "geometry": { "type": "Point", "coordinates": [ 91.322719065624199, 26.195041987379408 ] } },
{ "type": "Feature", "properties": { "lat": 27.491689075879467, "lon": 94.544080107351562, "date": null, "source": "Random NER background", "region": "NER (broad)", "label": 0 }, "geometry": { "type": "Point", "coordinates": [ 94.544080107351562, 27.491689075879467 ] } },
{ "type": "Feature", "properties": { "lat": 23.780555011478096, "lon": 91.672373872039358, "date": null, "source": "Random NER background", "region": "NER (broad)", "label": 0 }, "geometry": { "type": "Point", "coordinates": [ 91.672373872039358, 23.780555011478096 ] } },
{ "type": "Feature", "properties": { "lat": 29.219340873618041, "lon": 96.142556280663882, "date": null, "source": "Random NER background", "region": "NER (broad)", "label": 0 }, "geometry": { "type": "Point", "coordinates": [ 96.142556280663882, 29.219340873618041 ] } },
{ "type": "Feature", "properties": { "lat": 26.679039134091848, "lon": 94.438104837864216, "date": null, "source": "Random NER background", "region": "NER (broad)", "label": 0 }, "geometry": { "type": "Point", "coordinates": [ 94.438104837864216, 26.679039134091848 ] } },
{ "type": "Feature", "properties": { "lat": 23.652668634151656, "lon": 91.890318366707646, "date": null, "source": "Random NER background", "region": "NER (broad)", "label": 0 }, "geometry": { "type": "Point", "coordinates": [ 91.890318366707646, 23.652668634151656 ] } },
{ "type": "Feature", "properties": { "lat": 28.792123504418971, "lon": 94.150029764662719, "date": null, "source": "Random NER background", "region": "NER (broad)", "label": 0 }, "geometry": { "type": "Point", "coordinates": [ 94.150029764662719, 28.792123504418971 ] } },
{ "type": "Feature", "properties": { "lat": 26.641922490321321, "lon": 92.026164606266377, "date": null, "source": "Random NER background", "region": "NER (broad)", "label": 0 }, "geometry": { "type": "Point", "coordinates": [ 92.026164606266377, 26.641922490321321 ] } },
{ "type": "Feature", "properties": { "lat": 23.515989674223007, "lon": 92.433631147223565, "date": null, "source": "Random NER background", "region": "NER (broad)", "label": 0 }, "geometry": { "type": "Point", "coordinates": [ 92.433631147223565, 23.515989674223007 ] } },
{ "type": "Feature", "properties": { "lat": 25.592109739746409, "lon": 94.292376798999399, "date": null, "source": "Random NER background", "region": "NER (broad)", "label": 0 }, "geometry": { "type": "Point", "coordinates": [ 94.292376798999399, 25.592109739746409 ] } },
{ "type": "Feature", "properties": { "lat": 26.678736960516723, "lon": 93.785975994061161, "date": null, "source": "Random NER background", "region": "NER (broad)", "label": 0 }, "geometry": { "type": "Point", "coordinates": [ 93.785975994061161, 26.678736960516723 ] } },
{ "type": "Feature", "properties": { "lat": 28.69749635796396, "lon": 95.651583315018513, "date": null, "source": "Random NER background", "region": "NER (broad)", "label": 0 }, "geometry": { "type": "Point", "coordinates": [ 95.651583315018513, 28.69749635796396 ] } },
{ "type": "Feature", "properties": { "lat": 27.918909955622489, "lon": 93.700316360882937, "date": null, "source": "Random NER background", "region": "NER (broad)", "label": 0 }, "geometry": { "type": "Point", "coordinates": [ 93.700316360882937, 27.918909955622489 ] } },
{ "type": "Feature", "properties": { "lat": 26.78424258944904, "lon": 94.467179628680114, "date": null, "source": "Random NER background", "region": "NER (broad)", "label": 0 }, "geometry": { "type": "Point", "coordinates": [ 94.467179628680114, 26.78424258944904 ] } },
{ "type": "Feature", "properties": { "lat": 27.270265580740883, "lon": 94.226305419393199, "date": null, "source": "Random NER background", "region": "NER (broad)", "label": 0 }, "geometry": { "type": "Point", "coordinates": [ 94.226305419393199, 27.270265580740883 ] } },
{ "type": "Feature", "properties": { "lat": 26.07633947229473, "lon": 89.804194023907826, "date": null, "source": "Random NER background", "region": "NER (broad)", "label": 0 }, "geometry": { "type": "Point", "coordinates": [ 89.804194023907826, 26.07633947229473 ] } },
{ "type": "Feature", "properties": { "lat": 28.752212044040441, "lon": 94.382750521642876, "date": null, "source": "Random NER background", "region": "NER (broad)", "label": 0 }, "geometry": { "type": "Point", "coordinates": [ 94.382750521642876, 28.752212044040441 ] } },
{ "type": "Feature", "properties": { "lat": 28.225109556771201, "lon": 96.326700451250034, "date": null, "source": "Random NER background", "region": "NER (broad)", "label": 0 }, "geometry": { "type": "Point", "coordinates": [ 96.326700451250034, 28.225109556771201 ] } },
{ "type": "Feature", "properties": { "lat": 27.966750953139758, "lon": 95.24772307403336, "date": null, "source": "Random NER background", "region": "NER (broad)", "label": 0 }, "geometry": { "type": "Point", "coordinates": [ 95.24772307403336, 27.966750953139758 ] } },
{ "type": "Feature", "properties": { "lat": 27.731529419470515, "lon": 92.632018034607, "date": null, "source": "Random NER background", "region": "NER (broad)", "label": 0 }, "geometry": { "type": "Point", "coordinates": [ 92.632018034607, 27.731529419470515 ] } },
{ "type": "Feature", "properties": { "lat": 26.567900325620755, "lon": 91.832238063780522, "date": null, "source": "Random NER background", "region": "NER (broad)", "label": 0 }, "geometry": { "type": "Point", "coordinates": [ 91.832238063780522, 26.567900325620755 ] } },
{ "type": "Feature", "properties": { "lat": 26.513495429372981, "lon": 90.363819667320882, "date": null, "source": "Random NER background", "region": "NER (broad)", "label": 0 }, "geometry": { "type": "Point", "coordinates": [ 90.363819667320882, 26.513495429372981 ] } },
{ "type": "Feature", "properties": { "lat": 26.27095934892402, "lon": 91.209433936475364, "date": null, "source": "Random NER background", "region": "NER (broad)", "label": 0 }, "geometry": { "type": "Point", "coordinates": [ 91.209433936475364, 26.27095934892402 ] } },
{ "type": "Feature", "properties": { "lat": 27.372612954492169, "lon": 93.602081930592803, "date": null, "source": "Random NER background", "region": "NER (broad)", "label": 0 }, "geometry": { "type": "Point", "coordinates": [ 93.602081930592803, 27.372612954492169 ] } },
{ "type": "Feature", "properties": { "lat": 24.54203010342092, "lon": 93.199182654924797, "date": null, "source": "Random NER background", "region": "NER (broad)", "label": 0 }, "geometry": { "type": "Point", "coordinates": [ 93.199182654924797, 24.54203010342092 ] } },
{ "type": "Feature", "properties": { "lat": 27.061536233767271, "lon": 93.987957731547894, "date": null, "source": "Random NER background", "region": "NER (broad)", "label": 0 }, "geometry": { "type": "Point", "coordinates": [ 93.987957731547894, 27.061536233767271 ] } },
{ "type": "Feature", "properties": { "lat": 26.799863727111173, "lon": 90.564782920603278, "date": null, "source": "Random NER background", "region": "NER (broad)", "label": 0 }, "geometry": { "type": "Point", "coordinates": [ 90.564782920603278, 26.799863727111173 ] } },
{ "type": "Feature", "properties": { "lat": 25.470837706944742, "lon": 89.973092850580343, "date": null, "source": "Random NER background", "region": "NER (broad)", "label": 0 }, "geometry": { "type": "Point", "coordinates": [ 89.973092850580343, 25.470837706944742 ] } },
{ "type": "Feature", "properties": { "lat": 28.755040354158336, "lon": 95.934705570000801, "date": null, "source": "Random NER background", "region": "NER (broad)", "label": 0 }, "geometry": { "type": "Point", "coordinates": [ 95.934705570000801, 28.755040354158336 ] } },
{ "type": "Feature", "properties": { "lat": 22.2206613886074, "lon": 92.861200796164241, "date": null, "source": "Random NER background", "region": "NER (broad)", "label": 0 }, "geometry": { "type": "Point", "coordinates": [ 92.861200796164241, 22.2206613886074 ] } },
{ "type": "Feature", "properties": { "lat": 24.360219233901955, "lon": 92.158287909428381, "date": null, "source": "Random NER background", "region": "NER (broad)", "label": 0 }, "geometry": { "type": "Point", "coordinates": [ 92.158287909428381, 24.360219233901955 ] } },
{ "type": "Feature", "properties": { "lat": 27.899192775591601, "lon": 94.164041596786504, "date": null, "source": "Random NER background", "region": "NER (broad)", "label": 0 }, "geometry": { "type": "Point", "coordinates": [ 94.164041596786504, 27.899192775591601 ] } },
{ "type": "Feature", "properties": { "lat": 27.918118272360768, "lon": 94.444734794367434, "date": null, "source": "Random NER background", "region": "NER (broad)", "label": 0 }, "geometry": { "type": "Point", "coordinates": [ 94.444734794367434, 27.918118272360768 ] } },
{ "type": "Feature", "properties": { "lat": 27.136545411844985, "lon": 94.440324749691555, "date": null, "source": "Random NER background", "region": "NER (broad)", "label": 0 }, "geometry": { "type": "Point", "coordinates": [ 94.440324749691555, 27.136545411844985 ] } },
{ "type": "Feature", "properties": { "lat": 27.640229746319282, "lon": 93.478165577172106, "date": null, "source": "Random NER background", "region": "NER (broad)", "label": 0 }, "geometry": { "type": "Point", "coordinates": [ 93.478165577172106, 27.640229746319282 ] } },
{ "type": "Feature", "properties": { "lat": 23.48861595880566, "lon": 91.284620130846278, "date": null, "source": "Random NER background", "region": "NER (broad)", "label": 0 }, "geometry": { "type": "Point", "coordinates": [ 91.284620130846278, 23.48861595880566 ] } },
{ "type": "Feature", "properties": { "lat": 28.212264169838299, "lon": 93.304270248670804, "date": null, "source": "Random NER background", "region": "NER (broad)", "label": 0 }, "geometry": { "type": "Point", "coordinates": [ 93.304270248670804, 28.212264169838299 ] } },
{ "type": "Feature", "properties": { "lat": 28.290764598208007, "lon": 96.092775938737645, "date": null, "source": "Random NER background", "region": "NER (broad)", "label": 0 }, "geometry": { "type": "Point", "coordinates": [ 96.092775938737645, 28.290764598208007 ] } },
{ "type": "Feature", "properties": { "lat": 25.433183689155211, "lon": 90.288472258623699, "date": null, "source": "Random NER background", "region": "NER (broad)", "label": 0 }, "geometry": { "type": "Point", "coordinates": [ 90.288472258623699, 25.433183689155211 ] } },
{ "type": "Feature", "properties": { "lat": 26.452529229971059, "lon": 90.893680601984656, "date": null, "source": "Random NER background", "region": "NER (broad)", "label": 0 }, "geometry": { "type": "Point", "coordinates": [ 90.893680601984656, 26.452529229971059 ] } },
{ "type": "Feature", "properties": { "lat": 25.566701922555719, "lon": 89.965086864074038, "date": null, "source": "Random NER background", "region": "NER (broad)", "label": 0 }, "geometry": { "type": "Point", "coordinates": [ 89.965086864074038, 25.566701922555719 ] } },
{ "type": "Feature", "properties": { "lat": 25.981206760848544, "lon": 93.887700711932297, "date": null, "source": "Random NER background", "region": "NER (broad)", "label": 0 }, "geometry": { "type": "Point", "coordinates": [ 93.887700711932297, 25.981206760848544 ] } },
{ "type": "Feature", "properties": { "lat": 25.285069448748711, "lon": 94.243088461095823, "date": null, "source": "Random NER background", "region": "NER (broad)", "label": 0 }, "geometry": { "type": "Point", "coordinates": [ 94.243088461095823, 25.285069448748711 ] } },
{ "type": "Feature", "properties": { "lat": 25.675880692833086, "lon": 94.669912505969862, "date": null, "source": "Random NER background", "region": "NER (broad)", "label": 0 }, "geometry": { "type": "Point", "coordinates": [ 94.669912505969862, 25.675880692833086 ] } },
{ "type": "Feature", "properties": { "lat": 28.199729899891722, "lon": 93.59370552503006, "date": null, "source": "Random NER background", "region": "NER (broad)", "label": 0 }, "geometry": { "type": "Point", "coordinates": [ 93.59370552503006, 28.199729899891722 ] } },
{ "type": "Feature", "properties": { "lat": 27.677161389097829, "lon": 92.279793671110156, "date": null, "source": "Random NER background", "region": "NER (broad)", "label": 0 }, "geometry": { "type": "Point", "coordinates": [ 92.279793671110156, 27.677161389097829 ] } },
{ "type": "Feature", "properties": { "lat": 22.577088115445061, "lon": 92.738872099974799, "date": null, "source": "Random NER background", "region": "NER (broad)", "label": 0 }, "geometry": { "type": "Point", "coordinates": [ 92.738872099974799, 22.577088115445061 ] } },
{ "type": "Feature", "properties": { "lat": 28.982466246653221, "lon": 95.968753051449724, "date": null, "source": "Random NER background", "region": "NER (broad)", "label": 0 }, "geometry": { "type": "Point", "coordinates": [ 95.968753051449724, 28.982466246653221 ] } },
{ "type": "Feature", "properties": { "lat": 25.363455708287411, "lon": 92.829162541182896, "date": null, "source": "Random NER background", "region": "NER (broad)", "label": 0 }, "geometry": { "type": "Point", "coordinates": [ 92.829162541182896, 25.363455708287411 ] } },
{ "type": "Feature", "properties": { "lat": 26.128435085633413, "lon": 94.939699286556404, "date": null, "source": "Random NER background", "region": "NER (broad)", "label": 0 }, "geometry": { "type": "Point", "coordinates": [ 94.939699286556404, 26.128435085633413 ] } },
{ "type": "Feature", "properties": { "lat": 25.53288095482532, "lon": 91.654295068065196, "date": null, "source": "Random NER background", "region": "NER (broad)", "label": 0 }, "geometry": { "type": "Point", "coordinates": [ 91.654295068065196, 25.53288095482532 ] } },
{ "type": "Feature", "properties": { "lat": 27.194994851161159, "lon": 96.887364735894096, "date": null, "source": "Random NER background", "region": "NER (broad)", "label": 0 }, "geometry": { "type": "Point", "coordinates": [ 96.887364735894096, 27.194994851161159 ] } },
{ "type": "Feature", "properties": { "lat": 26.560666276058111, "lon": 89.908446282090779, "date": null, "source": "Random NER background", "region": "NER (broad)", "label": 0 }, "geometry": { "type": "Point", "coordinates": [ 89.908446282090779, 26.560666276058111 ] } },
{ "type": "Feature", "properties": { "lat": 26.493340713643107, "lon": 90.760505207052887, "date": null, "source": "Random NER background", "region": "NER (broad)", "label": 0 }, "geometry": { "type": "Point", "coordinates": [ 90.760505207052887, 26.493340713643107 ] } },
{ "type": "Feature", "properties": { "lat": 25.342959379125013, "lon": 93.421062845404435, "date": null, "source": "Random NER background", "region": "NER (broad)", "label": 0 }, "geometry": { "type": "Point", "coordinates": [ 93.421062845404435, 25.342959379125013 ] } },
{ "type": "Feature", "properties": { "lat": 26.837257904417733, "lon": 91.966040364692461, "date": null, "source": "Random NER background", "region": "NER (broad)", "label": 0 }, "geometry": { "type": "Point", "coordinates": [ 91.966040364692461, 26.837257904417733 ] } },
{ "type": "Feature", "properties": { "lat": 27.482949787012696, "lon": 95.993198372960663, "date": null, "source": "Random NER background", "region": "NER (broad)", "label": 0 }, "geometry": { "type": "Point", "coordinates": [ 95.993198372960663, 27.482949787012696 ] } },
{ "type": "Feature", "properties": { "lat": 27.96643823461357, "lon": 92.965934868987418, "date": null, "source": "Random NER background", "region": "NER (broad)", "label": 0 }, "geometry": { "type": "Point", "coordinates": [ 92.965934868987418, 27.96643823461357 ] } },
{ "type": "Feature", "properties": { "lat": 28.21505451572137, "lon": 94.560651078458093, "date": null, "source": "Random NER background", "region": "NER (broad)", "label": 0 }, "geometry": { "type": "Point", "coordinates": [ 94.560651078458093, 28.21505451572137 ] } },
{ "type": "Feature", "properties": { "lat": 27.415939841382801, "lon": 96.215994109443713, "date": null, "source": "Random NER background", "region": "NER (broad)", "label": 0 }, "geometry": { "type": "Point", "coordinates": [ 96.215994109443713, 27.415939841382801 ] } },
{ "type": "Feature", "properties": { "lat": 27.439301886982879, "lon": 93.332070251512704, "date": null, "source": "Random NER background", "region": "NER (broad)", "label": 0 }, "geometry": { "type": "Point", "coordinates": [ 93.332070251512704, 27.439301886982879 ] } },
{ "type": "Feature", "properties": { "lat": 27.747399143007083, "lon": 96.266121877052683, "date": null, "source": "Random NER background", "region": "NER (broad)", "label": 0 }, "geometry": { "type": "Point", "coordinates": [ 96.266121877052683, 27.747399143007083 ] } },
{ "type": "Feature", "properties": { "lat": 28.13986785564116, "lon": 96.659120582200515, "date": null, "source": "Random NER background", "region": "NER (broad)", "label": 0 }, "geometry": { "type": "Point", "coordinates": [ 96.659120582200515, 28.13986785564116 ] } },
{ "type": "Feature", "properties": { "lat": 27.137032551142301, "lon": 94.152507662725, "date": null, "source": "Random NER background", "region": "NER (broad)", "label": 0 }, "geometry": { "type": "Point", "coordinates": [ 94.152507662725, 27.137032551142301 ] } },
{ "type": "Feature", "properties": { "lat": 27.5408616416684, "lon": 93.192843798661798, "date": null, "source": "Random NER background", "region": "NER (broad)", "label": 0 }, "geometry": { "type": "Point", "coordinates": [ 93.192843798661798, 27.5408616416684 ] } },
{ "type": "Feature", "properties": { "lat": 25.610774822196589, "lon": 91.583383157000114, "date": null, "source": "Random NER background", "region": "NER (broad)", "label": 0 }, "geometry": { "type": "Point", "coordinates": [ 91.583383157000114, 25.610774822196589 ] } },
{ "type": "Feature", "properties": { "lat": 24.92806251520588, "lon": 93.287686895655682, "date": null, "source": "Random NER background", "region": "NER (broad)", "label": 0 }, "geometry": { "type": "Point", "coordinates": [ 93.287686895655682, 24.92806251520588 ] } },
{ "type": "Feature", "properties": { "lat": 26.424869408794638, "lon": 94.287957004166927, "date": null, "source": "Random NER background", "region": "NER (broad)", "label": 0 }, "geometry": { "type": "Point", "coordinates": [ 94.287957004166927, 26.424869408794638 ] } },
{ "type": "Feature", "properties": { "lat": 25.424407529229413, "lon": 93.440431410271842, "date": null, "source": "Random NER background", "region": "NER (broad)", "label": 0 }, "geometry": { "type": "Point", "coordinates": [ 93.440431410271842, 25.424407529229413 ] } },
{ "type": "Feature", "properties": { "lat": 26.409608776486355, "lon": 93.900751127424513, "date": null, "source": "Random NER background", "region": "NER (broad)", "label": 0 }, "geometry": { "type": "Point", "coordinates": [ 93.900751127424513, 26.409608776486355 ] } },
{ "type": "Feature", "properties": { "lat": 29.171174528591468, "lon": 94.484237927300995, "date": null, "source": "Random NER background", "region": "NER (broad)", "label": 0 }, "geometry": { "type": "Point", "coordinates": [ 94.484237927300995, 29.171174528591468 ] } },
{ "type": "Feature", "properties": { "lat": 25.821898503540488, "lon": 90.68687544565428, "date": null, "source": "Random NER background", "region": "NER (broad)", "label": 0 }, "geometry": { "type": "Point", "coordinates": [ 90.68687544565428, 25.821898503540488 ] } },
{ "type": "Feature", "properties": { "lat": 28.790687413028945, "lon": 95.810036110279682, "date": null, "source": "Random NER background", "region": "NER (broad)", "label": 0 }, "geometry": { "type": "Point", "coordinates": [ 95.810036110279682, 28.790687413028945 ] } },
{ "type": "Feature", "properties": { "lat": 27.688658130954213, "lon": 96.217033129270007, "date": null, "source": "Random NER background", "region": "NER (broad)", "label": 0 }, "geometry": { "type": "Point", "coordinates": [ 96.217033129270007, 27.688658130954213 ] } },
{ "type": "Feature", "properties": { "lat": 25.802033712193289, "lon": 94.676057229541641, "date": null, "source": "Random NER background", "region": "NER (broad)", "label": 0 }, "geometry": { "type": "Point", "coordinates": [ 94.676057229541641, 25.802033712193289 ] } },
{ "type": "Feature", "properties": { "lat": 27.853718295807123, "lon": 93.301799950519197, "date": null, "source": "Random NER background", "region": "NER (broad)", "label": 0 }, "geometry": { "type": "Point", "coordinates": [ 93.301799950519197, 27.853718295807123 ] } },
{ "type": "Feature", "properties": { "lat": 26.099698354102333, "lon": 90.162633531945744, "date": null, "source": "Random NER background", "region": "NER (broad)", "label": 0 }, "geometry": { "type": "Point", "coordinates": [ 90.162633531945744, 26.099698354102333 ] } },
{ "type": "Feature", "properties": { "lat": 23.569183671929405, "lon": 91.686309734625326, "date": null, "source": "Random NER background", "region": "NER (broad)", "label": 0 }, "geometry": { "type": "Point", "coordinates": [ 91.686309734625326, 23.569183671929405 ] } },
{ "type": "Feature", "properties": { "lat": 26.541738117006304, "lon": 92.113737829073074, "date": null, "source": "Random NER background", "region": "NER (broad)", "label": 0 }, "geometry": { "type": "Point", "coordinates": [ 92.113737829073074, 26.541738117006304 ] } },
{ "type": "Feature", "properties": { "lat": 26.184864106507121, "lon": 94.658379298138513, "date": null, "source": "Random NER background", "region": "NER (broad)", "label": 0 }, "geometry": { "type": "Point", "coordinates": [ 94.658379298138513, 26.184864106507121 ] } },
{ "type": "Feature", "properties": { "lat": 27.6221939281637, "lon": 92.157923419948119, "date": null, "source": "Random NER background", "region": "NER (broad)", "label": 0 }, "geometry": { "type": "Point", "coordinates": [ 92.157923419948119, 27.6221939281637 ] } },
{ "type": "Feature", "properties": { "lat": 24.660906065828939, "lon": 94.276870066618784, "date": null, "source": "Random NER background", "region": "NER (broad)", "label": 0 }, "geometry": { "type": "Point", "coordinates": [ 94.276870066618784, 24.660906065828939 ] } },
{ "type": "Feature", "properties": { "lat": 25.29190141894361, "lon": 93.067943756198318, "date": null, "source": "Random NER background", "region": "NER (broad)", "label": 0 }, "geometry": { "type": "Point", "coordinates": [ 93.067943756198318, 25.29190141894361 ] } },
{ "type": "Feature", "properties": { "lat": 27.879876902667725, "lon": 93.184382452087817, "date": null, "source": "Random NER background", "region": "NER (broad)", "label": 0 }, "geometry": { "type": "Point", "coordinates": [ 93.184382452087817, 27.879876902667725 ] } },
{ "type": "Feature", "properties": { "lat": 27.860136977859675, "lon": 94.928583477850523, "date": null, "source": "Random NER background", "region": "NER (broad)", "label": 0 }, "geometry": { "type": "Point", "coordinates": [ 94.928583477850523, 27.860136977859675 ] } },
{ "type": "Feature", "properties": { "lat": 25.92819350211424, "lon": 93.273162583582476, "date": null, "source": "Random NER background", "region": "NER (broad)", "label": 0 }, "geometry": { "type": "Point", "coordinates": [ 93.273162583582476, 25.92819350211424 ] } },
{ "type": "Feature", "properties": { "lat": 26.273239099626643, "lon": 93.102944461267384, "date": null, "source": "Random NER background", "region": "NER (broad)", "label": 0 }, "geometry": { "type": "Point", "coordinates": [ 93.102944461267384, 26.273239099626643 ] } },
{ "type": "Feature", "properties": { "lat": 27.486372693862343, "lon": 96.583690571758183, "date": null, "source": "Random NER background", "region": "NER (broad)", "label": 0 }, "geometry": { "type": "Point", "coordinates": [ 96.583690571758183, 27.486372693862343 ] } },
{ "type": "Feature", "properties": { "lat": 26.6674520284807, "lon": 92.869250598202086, "date": null, "source": "Random NER background", "region": "NER (broad)", "label": 0 }, "geometry": { "type": "Point", "coordinates": [ 92.869250598202086, 26.6674520284807 ] } },
{ "type": "Feature", "properties": { "lat": 28.318009022139805, "lon": 96.088183363042006, "date": null, "source": "Random NER background", "region": "NER (broad)", "label": 0 }, "geometry": { "type": "Point", "coordinates": [ 96.088183363042006, 28.318009022139805 ] } },
{ "type": "Feature", "properties": { "lat": 25.397523281069983, "lon": 91.143083850985875, "date": null, "source": "Random NER background", "region": "NER (broad)", "label": 0 }, "geometry": { "type": "Point", "coordinates": [ 91.143083850985875, 25.397523281069983 ] } },
{ "type": "Feature", "properties": { "lat": 25.10516782571948, "lon": 93.855253087464803, "date": null, "source": "Random NER background", "region": "NER (broad)", "label": 0 }, "geometry": { "type": "Point", "coordinates": [ 93.855253087464803, 25.10516782571948 ] } },
{ "type": "Feature", "properties": { "lat": 26.024416063240881, "lon": 91.46268763894696, "date": null, "source": "Random NER background", "region": "NER (broad)", "label": 0 }, "geometry": { "type": "Point", "coordinates": [ 91.46268763894696, 26.024416063240881 ] } },
{ "type": "Feature", "properties": { "lat": 24.030665275970641, "lon": 92.068920233116117, "date": null, "source": "Random NER background", "region": "NER (broad)", "label": 0 }, "geometry": { "type": "Point", "coordinates": [ 92.068920233116117, 24.030665275970641 ] } },
{ "type": "Feature", "properties": { "lat": 25.80894429662418, "lon": 90.500729180639041, "date": null, "source": "Random NER background", "region": "NER (broad)", "label": 0 }, "geometry": { "type": "Point", "coordinates": [ 90.500729180639041, 25.80894429662418 ] } },
{ "type": "Feature", "properties": { "lat": 25.912751988209266, "lon": 93.162958577222113, "date": null, "source": "Random NER background", "region": "NER (broad)", "label": 0 }, "geometry": { "type": "Point", "coordinates": [ 93.162958577222113, 25.912751988209266 ] } },
{ "type": "Feature", "properties": { "lat": 25.217609137363624, "lon": 92.848913936765953, "date": null, "source": "Random NER background", "region": "NER (broad)", "label": 0 }, "geometry": { "type": "Point", "coordinates": [ 92.848913936765953, 25.217609137363624 ] } },
{ "type": "Feature", "properties": { "lat": 24.67428126119766, "lon": 92.770589061831075, "date": null, "source": "Random NER background", "region": "NER (broad)", "label": 0 }, "geometry": { "type": "Point", "coordinates": [ 92.770589061831075, 24.67428126119766 ] } },
{ "type": "Feature", "properties": { "lat": 27.952320455423187, "lon": 93.833341777321223, "date": null, "source": "Random NER background", "region": "NER (broad)", "label": 0 }, "geometry": { "type": "Point", "coordinates": [ 93.833341777321223, 27.952320455423187 ] } },
{ "type": "Feature", "properties": { "lat": 22.826748416257267, "lon": 92.88429846490564, "date": null, "source": "Random NER background", "region": "NER (broad)", "label": 0 }, "geometry": { "type": "Point", "coordinates": [ 92.88429846490564, 22.826748416257267 ] } },
{ "type": "Feature", "properties": { "lat": 29.089694652903827, "lon": 94.264426416053283, "date": null, "source": "Random NER background", "region": "NER (broad)", "label": 0 }, "geometry": { "type": "Point", "coordinates": [ 94.264426416053283, 29.089694652903827 ] } },
{ "type": "Feature", "properties": { "lat": 25.368027325819448, "lon": 91.408557619035165, "date": null, "source": "Random NER background", "region": "NER (broad)", "label": 0 }, "geometry": { "type": "Point", "coordinates": [ 91.408557619035165, 25.368027325819448 ] } },
{ "type": "Feature", "properties": { "lat": 23.250552938072225, "lon": 92.632600409549639, "date": null, "source": "Random NER background", "region": "NER (broad)", "label": 0 }, "geometry": { "type": "Point", "coordinates": [ 92.632600409549639, 23.250552938072225 ] } },
{ "type": "Feature", "properties": { "lat": 25.257393832081672, "lon": 92.319112773051444, "date": null, "source": "Random NER background", "region": "NER (broad)", "label": 0 }, "geometry": { "type": "Point", "coordinates": [ 92.319112773051444, 25.257393832081672 ] } },
{ "type": "Feature", "properties": { "lat": 26.729402505071075, "lon": 91.470319390914966, "date": null, "source": "Random NER background", "region": "NER (broad)", "label": 0 }, "geometry": { "type": "Point", "coordinates": [ 91.470319390914966, 26.729402505071075 ] } },
{ "type": "Feature", "properties": { "lat": 25.633303180431511, "lon": 91.57512341991368, "date": null, "source": "Random NER background", "region": "NER (broad)", "label": 0 }, "geometry": { "type": "Point", "coordinates": [ 91.57512341991368, 25.633303180431511 ] } },
{ "type": "Feature", "properties": { "lat": 25.394892501393404, "lon": 92.580045852274694, "date": null, "source": "Random NER background", "region": "NER (broad)", "label": 0 }, "geometry": { "type": "Point", "coordinates": [ 92.580045852274694, 25.394892501393404 ] } },
{ "type": "Feature", "properties": { "lat": 26.333687842285496, "lon": 92.767451352472037, "date": null, "source": "Random NER background", "region": "NER (broad)", "label": 0 }, "geometry": { "type": "Point", "coordinates": [ 92.767451352472037, 26.333687842285496 ] } },
{ "type": "Feature", "properties": { "lat": 27.98938103498368, "lon": 94.842428759312, "date": null, "source": "Random NER background", "region": "NER (broad)", "label": 0 }, "geometry": { "type": "Point", "coordinates": [ 94.842428759312, 27.98938103498368 ] } },
{ "type": "Feature", "properties": { "lat": 25.35213319511589, "lon": 92.548739105840781, "date": null, "source": "Random NER background", "region": "NER (broad)", "label": 0 }, "geometry": { "type": "Point", "coordinates": [ 92.548739105840781, 25.35213319511589 ] } },
{ "type": "Feature", "properties": { "lat": 26.294860182359439, "lon": 93.354244672189765, "date": null, "source": "Random NER background", "region": "NER (broad)", "label": 0 }, "geometry": { "type": "Point", "coordinates": [ 93.354244672189765, 26.294860182359439 ] } },
{ "type": "Feature", "properties": { "lat": 26.777190000462824, "lon": 90.512946636180246, "date": null, "source": "Random NER background", "region": "NER (broad)", "label": 0 }, "geometry": { "type": "Point", "coordinates": [ 90.512946636180246, 26.777190000462824 ] } },
{ "type": "Feature", "properties": { "lat": 25.127761161120731, "lon": 93.610661913856916, "date": null, "source": "Random NER background", "region": "NER (broad)", "label": 0 }, "geometry": { "type": "Point", "coordinates": [ 93.610661913856916, 25.127761161120731 ] } },
{ "type": "Feature", "properties": { "lat": 23.33851029743024, "lon": 91.661887886047566, "date": null, "source": "Random NER background", "region": "NER (broad)", "label": 0 }, "geometry": { "type": "Point", "coordinates": [ 91.661887886047566, 23.33851029743024 ] } },
{ "type": "Feature", "properties": { "lat": 27.770945878710148, "lon": 92.781627477315354, "date": null, "source": "Random NER background", "region": "NER (broad)", "label": 0 }, "geometry": { "type": "Point", "coordinates": [ 92.781627477315354, 27.770945878710148 ] } },
{ "type": "Feature", "properties": { "lat": 22.440131252598164, "lon": 92.581288883568561, "date": null, "source": "Random NER background", "region": "NER (broad)", "label": 0 }, "geometry": { "type": "Point", "coordinates": [ 92.581288883568561, 22.440131252598164 ] } },
{ "type": "Feature", "properties": { "lat": 27.698963384542427, "lon": 94.167701483512076, "date": null, "source": "Random NER background", "region": "NER (broad)", "label": 0 }, "geometry": { "type": "Point", "coordinates": [ 94.167701483512076, 27.698963384542427 ] } },
{ "type": "Feature", "properties": { "lat": 25.676353837292432, "lon": 91.518585777363398, "date": null, "source": "Random NER background", "region": "NER (broad)", "label": 0 }, "geometry": { "type": "Point", "coordinates": [ 91.518585777363398, 25.676353837292432 ] } },
{ "type": "Feature", "properties": { "lat": 27.816444681207635, "lon": 91.621746713891042, "date": null, "source": "Random NER background", "region": "NER (broad)", "label": 0 }, "geometry": { "type": "Point", "coordinates": [ 91.621746713891042, 27.816444681207635 ] } },
{ "type": "Feature", "properties": { "lat": 26.212384689129653, "lon": 95.043243401681323, "date": null, "source": "Random NER background", "region": "NER (broad)", "label": 0 }, "geometry": { "type": "Point", "coordinates": [ 95.043243401681323, 26.212384689129653 ] } },
{ "type": "Feature", "properties": { "lat": 27.592313816379932, "lon": 94.618722229995939, "date": null, "source": "Random NER background", "region": "NER (broad)", "label": 0 }, "geometry": { "type": "Point", "coordinates": [ 94.618722229995939, 27.592313816379932 ] } },
{ "type": "Feature", "properties": { "lat": 25.31712989603632, "lon": 90.208872460915245, "date": null, "source": "Random NER background", "region": "NER (broad)", "label": 0 }, "geometry": { "type": "Point", "coordinates": [ 90.208872460915245, 25.31712989603632 ] } },
{ "type": "Feature", "properties": { "lat": 26.73636896642558, "lon": 94.533783999388874, "date": null, "source": "Random NER background", "region": "NER (broad)", "label": 0 }, "geometry": { "type": "Point", "coordinates": [ 94.533783999388874, 26.73636896642558 ] } },
{ "type": "Feature", "properties": { "lat": 24.027213717034165, "lon": 91.441563002858615, "date": null, "source": "Random NER background", "region": "NER (broad)", "label": 0 }, "geometry": { "type": "Point", "coordinates": [ 91.441563002858615, 24.027213717034165 ] } },
{ "type": "Feature", "properties": { "lat": 27.539775204878666, "lon": 91.925667503811397, "date": null, "source": "Random NER background", "region": "NER (broad)", "label": 0 }, "geometry": { "type": "Point", "coordinates": [ 91.925667503811397, 27.539775204878666 ] } },
{ "type": "Feature", "properties": { "lat": 27.770307335708299, "lon": 92.583443691565364, "date": null, "source": "Random NER background", "region": "NER (broad)", "label": 0 }, "geometry": { "type": "Point", "coordinates": [ 92.583443691565364, 27.770307335708299 ] } },
{ "type": "Feature", "properties": { "lat": 24.461703751033177, "lon": 93.271657884834113, "date": null, "source": "Random NER background", "region": "NER (broad)", "label": 0 }, "geometry": { "type": "Point", "coordinates": [ 93.271657884834113, 24.461703751033177 ] } },
{ "type": "Feature", "properties": { "lat": 27.386259444836885, "lon": 96.12248976682416, "date": null, "source": "Random NER background", "region": "NER (broad)", "label": 0 }, "geometry": { "type": "Point", "coordinates": [ 96.12248976682416, 27.386259444836885 ] } },
{ "type": "Feature", "properties": { "lat": 26.774262793009623, "lon": 95.104234853258916, "date": null, "source": "Random NER background", "region": "NER (broad)", "label": 0 }, "geometry": { "type": "Point", "coordinates": [ 95.104234853258916, 26.774262793009623 ] } },
{ "type": "Feature", "properties": { "lat": 25.072759019321754, "lon": 94.643458701802999, "date": null, "source": "Random NER background", "region": "NER (broad)", "label": 0 }, "geometry": { "type": "Point", "coordinates": [ 94.643458701802999, 25.072759019321754 ] } },
{ "type": "Feature", "properties": { "lat": 26.41172472573372, "lon": 92.949552660595316, "date": null, "source": "Random NER background", "region": "NER (broad)", "label": 0 }, "geometry": { "type": "Point", "coordinates": [ 92.949552660595316, 26.41172472573372 ] } },
{ "type": "Feature", "properties": { "lat": 27.19284665367185, "lon": 93.675989356233913, "date": null, "source": "Random NER background", "region": "NER (broad)", "label": 0 }, "geometry": { "type": "Point", "coordinates": [ 93.675989356233913, 27.19284665367185 ] } },
{ "type": "Feature", "properties": { "lat": 29.065726862764866, "lon": 95.792172977068077, "date": null, "source": "Random NER background", "region": "NER (broad)", "label": 0 }, "geometry": { "type": "Point", "coordinates": [ 95.792172977068077, 29.065726862764866 ] } },
{ "type": "Feature", "properties": { "lat": 26.622330516241096, "lon": 92.17023446114176, "date": null, "source": "Random NER background", "region": "NER (broad)", "label": 0 }, "geometry": { "type": "Point", "coordinates": [ 92.17023446114176, 26.622330516241096 ] } },
{ "type": "Feature", "properties": { "lat": 25.626509052422627, "lon": 90.200874241771601, "date": null, "source": "Random NER background", "region": "NER (broad)", "label": 0 }, "geometry": { "type": "Point", "coordinates": [ 90.200874241771601, 25.626509052422627 ] } },
{ "type": "Feature", "properties": { "lat": 24.661144936409649, "lon": 93.56776156949212, "date": null, "source": "Random NER background", "region": "NER (broad)", "label": 0 }, "geometry": { "type": "Point", "coordinates": [ 93.56776156949212, 24.661144936409649 ] } },
{ "type": "Feature", "properties": { "lat": 26.350907263938019, "lon": 89.847989334316637, "date": null, "source": "Random NER background", "region": "NER (broad)", "label": 0 }, "geometry": { "type": "Point", "coordinates": [ 89.847989334316637, 26.350907263938019 ] } },
{ "type": "Feature", "properties": { "lat": 23.588860045375512, "lon": 91.867778948018398, "date": null, "source": "Random NER background", "region": "NER (broad)", "label": 0 }, "geometry": { "type": "Point", "coordinates": [ 91.867778948018398, 23.588860045375512 ] } },
{ "type": "Feature", "properties": { "lat": 27.923537940578861, "lon": 97.088738821060119, "date": null, "source": "Random NER background", "region": "NER (broad)", "label": 0 }, "geometry": { "type": "Point", "coordinates": [ 97.088738821060119, 27.923537940578861 ] } },
{ "type": "Feature", "properties": { "lat": 28.508904369944531, "lon": 95.724899821260564, "date": null, "source": "Random NER background", "region": "NER (broad)", "label": 0 }, "geometry": { "type": "Point", "coordinates": [ 95.724899821260564, 28.508904369944531 ] } },
{ "type": "Feature", "properties": { "lat": 27.659737541870669, "lon": 95.195996207943381, "date": null, "source": "Random NER background", "region": "NER (broad)", "label": 0 }, "geometry": { "type": "Point", "coordinates": [ 95.195996207943381, 27.659737541870669 ] } },
{ "type": "Feature", "properties": { "lat": 25.185763531716098, "lon": 93.5748519129248, "date": null, "source": "Random NER background", "region": "NER (broad)", "label": 0 }, "geometry": { "type": "Point", "coordinates": [ 93.5748519129248, 25.185763531716098 ] } },
{ "type": "Feature", "properties": { "lat": 25.31244363271432, "lon": 91.358610299053623, "date": null, "source": "Random NER background", "region": "NER (broad)", "label": 0 }, "geometry": { "type": "Point", "coordinates": [ 91.358610299053623, 25.31244363271432 ] } },
{ "type": "Feature", "properties": { "lat": 29.076944872507823, "lon": 94.489519430975804, "date": null, "source": "Random NER background", "region": "NER (broad)", "label": 0 }, "geometry": { "type": "Point", "coordinates": [ 94.489519430975804, 29.076944872507823 ] } }
]
}
